"first_name","middle_name","last_name","full_name","gender","origin"
"pierre","paul","grivel","pierre paul grivel","m","zbmath"
"raul","","serapioni","raul serapioni","m","zbmath"
"adriano","","moura","adriano moura","m","zbmath"
"ralf","","kieser","ralf kieser","m","zbmath"
"guillermo","","leon-de-la-barra","guillermo leon-de-la-barra","m","zbmath"
"catherine","bouloux","marquet","catherine bouloux marquet","f","zbmath"
"sabina","","pannek","sabina pannek","f","zbmath"
"ralf","","kemper","ralf kemper","m","zbmath"
"karl","","breitung","karl breitung","m","zbmath"
"clemens","","bernhardson","clemens bernhardson","m","zbmath"
"gregory","","gelles","gregory gelles","m","zbmath"
"lester","","arguelles","lester arguelles","m","zbmath"
"claude","joachim","hamann","claude joachim hamann","m","zbmath"
"martin","","slawski","martin slawski","m","zbmath"
"vlad","","timofte","vlad timofte","m","zbmath"
"pasquale","","valentini","pasquale valentini","m","zbmath"
"lourdes","","fernandes","lourdes fernandes","f","zbmath"
"bruno","","crepon","bruno crepon","m","zbmath"
"thomas","","farver","thomas farver","m","zbmath"
"michael","","porter","michael porter","m","zbmath"
"jorge","drumond","silva","jorge drumond silva","m","zbmath"
"lewis","","hildyard","lewis hildyard","m","zbmath"
"klaus","","haverkamp","klaus haverkamp","m","zbmath"
"jost","hinrich","eschenburg","jost hinrich eschenburg","m","zbmath"
"takashi","","aoki","takashi aoki","m","zbmath"
"mirko","","muller","mirko muller","m","zbmath"
"herman","","erlichson","herman erlichson","m","zbmath"
"jim","","clay","jim clay","m","zbmath"
"jerzy","","jezierski","jerzy jezierski","m","zbmath"
"vitali","","wachtel","vitali wachtel","m","zbmath"
"martin","","soukenka","martin soukenka","m","zbmath"
"anatoly","","preygel","anatoly preygel","m","zbmath"
"tatiana","","filippova","tatiana filippova","f","zbmath"
"joachim","","apel","joachim apel","m","zbmath"
"james","","mccollum","james mccollum","m","zbmath"
"faton","","merovci","faton merovci","m","zbmath"
"goswin","","eisen","goswin eisen","m","zbmath"
"silke","","gehrke","silke gehrke","f","zbmath"
"samy","","tindel","samy tindel","m","zbmath"
"daniel","","mcdonald","daniel mcdonald","m","zbmath"
"paul","","bosch","paul bosch","m","zbmath"
"dominic","","klyve","dominic klyve","m","zbmath"
"mario","","dangelo","mario dangelo","m","zbmath"
"chris","","lynd","chris lynd","m","zbmath"
"marko","","matic","marko matic","m","zbmath"
"andras","","nagy","andras nagy","m","zbmath"
"boris","yakovlevich","levin","boris yakovlevich levin","m","zbmath"
"sergey","","lototsky","sergey lototsky","m","zbmath"
"polychronis","","xenikakis","polychronis xenikakis","m","zbmath"
"lionel","","bayle","lionel bayle","m","zbmath"
"jonathan","","goodman","jonathan goodman","m","zbmath"
"robert","","cahn","robert cahn","m","zbmath"
"john","","mardo","john mardo","m","zbmath"
"alaa","","abdel-hamid","alaa abdel-hamid","m","zbmath"
"mohamed","","mosbah","mohamed mosbah","m","zbmath"
"elena","","tatievskaya","elena tatievskaya","f","zbmath"
"marcel","","polakovic","marcel polakovic","m","zbmath"
"rafal","","kolodziej","rafal kolodziej","m","zbmath"
"gheorghe","","bantas","gheorghe bantas","m","zbmath"
"rachel","","fouladi","rachel fouladi","f","zbmath"
"magdalena","","bojarska","magdalena bojarska","f","zbmath"
"jungmin","","ahn","jungmin ahn","m","zbmath"
"zeynep","","kalaylioglu","zeynep kalaylioglu","f","zbmath"
"adam","","szpiro","adam szpiro","m","zbmath"
"elias","","wagner","elias wagner","m","zbmath"
"marek","cezary","zdun","marek cezary zdun","m","zbmath"
"janusz","","gorski","janusz gorski","m","zbmath"
"bahri","","turan","bahri turan","m","zbmath"
"luis","","giraldo-montes","luis giraldo-montes","m","zbmath"
"shahid","","kamal","shahid kamal","m","zbmath"
"joseph","","conrad","joseph conrad","m","zbmath"
"milovan","","jovanovic","milovan jovanovic","m","zbmath"
"mustapha","","cheggag","mustapha cheggag","m","zbmath"
"jesus","","fernandez-sanchez","jesus fernandez-sanchez","m","zbmath"
"jaume","","jordan","jaume jordan","m","zbmath"
"mauricio","","costa","mauricio costa","m","zbmath"
"stephen","","sturgeon","stephen sturgeon","m","zbmath"
"omer","","altun","omer altun","m","zbmath"
"hans","","wolters","hans wolters","m","zbmath"
"daniel","","vallieres","daniel vallieres","m","zbmath"
"rafael","","castro","rafael castro","m","zbmath"
"danny","","beckers","danny beckers","m","zbmath"
"pierre","loic","meliot","pierre loic meliot","m","zbmath"
"claudio","","jerez","claudio jerez","m","zbmath"
"steven","","tedford","steven tedford","m","zbmath"
"pedro","","jordan","pedro jordan","m","zbmath"
"oksana","","medvid","oksana medvid","f","zbmath"
"mark","","weil","mark weil","m","zbmath"
"manuel","","marques","manuel marques","m","zbmath"
"ekaterina","","eliseeva","ekaterina eliseeva","f","zbmath"
"eugen","","krug","eugen krug","m","zbmath"
"william","","vautaw","william vautaw","m","zbmath"
"richard","","mansfield","richard mansfield","m","zbmath"
"chokri","","abdelkefi","chokri abdelkefi","m","zbmath"
"luis","","sequeira","luis sequeira","m","zbmath"
"muhammad","","numan","muhammad numan","m","zbmath"
"gregory","","werner","gregory werner","m","zbmath"
"annie","","raymond","annie raymond","f","zbmath"
"nicolas","","gastineau","nicolas gastineau","m","zbmath"
"leonardo","","aguirre","leonardo aguirre","m","zbmath"
"gozde","","ozkan","gozde ozkan","f","zbmath"
"ross","","drynan","ross drynan","m","zbmath"
"matthias","","birkner","matthias birkner","m","zbmath"
"douglas","john","white","douglas john white","m","zbmath"
"davy","ho","chan","davy ho chan","m","zbmath"
"yolanda","","moreno","yolanda moreno","f","zbmath"
"bartlomiej","","bosek","bartlomiej bosek","m","zbmath"
"isabel","fraga","alves","isabel fraga alves","f","zbmath"
"jin","ho","choi","jin ho choi","m","zbmath"
"ruben","","agapito","ruben agapito","m","zbmath"
"bhopinder","","singh","bhopinder singh","m","zbmath"
"pavel","","jelinek","pavel jelinek","m","zbmath"
"andrei","","susea","andrei susea","m","zbmath"
"david","","mckinnon","david mckinnon","m","zbmath"
"john","ren","chen","john ren chen","m","zbmath"
"paul","","horwich","paul horwich","m","zbmath"
"darrel","","hankerson","darrel hankerson","m","zbmath"
"oumar","","diankha","oumar diankha","m","zbmath"
"toshiyuki","","morita","toshiyuki morita","m","zbmath"
"michael","","miesener","michael miesener","m","zbmath"
"carrie","","yam","carrie yam","f","zbmath"
"torsten","","weller","torsten weller","m","zbmath"
"kathrin","","fischer","kathrin fischer","f","zbmath"
"hector","","allende","hector allende","m","zbmath"
"miroslav","","asic","miroslav asic","m","zbmath"
"michel","","brestovski","michel brestovski","m","zbmath"
"outi","elina","maasalo","outi elina maasalo","f","zbmath"
"oliver","","pfaff","oliver pfaff","m","zbmath"
"andrew","","clark","andrew clark","m","zbmath"
"david","","stern","david stern","m","zbmath"
"dirk","","langemann","dirk langemann","m","zbmath"
"marie","francoise","delcroix","marie francoise delcroix","f","zbmath"
"hatem","","najar","hatem najar","m","zbmath"
"vladimir","","lifshitz","vladimir lifshitz","m","zbmath"
"mihyun","","kang","mihyun kang","f","zbmath"
"tatsuo","","sakai","tatsuo sakai","m","zbmath"
"alexander","","doktor","alexander doktor","m","zbmath"
"suhasini","subba","rao","suhasini subba rao","f","zbmath"
"roger","","jones","roger jones","m","zbmath"
"david","matthew","kelly","david matthew kelly","m","zbmath"
"diane","","hope","diane hope","f","zbmath"
"marc","","wouts","marc wouts","m","zbmath"
"horst","","kreth","horst kreth","m","zbmath"
"mark","","nixon","mark nixon","m","zbmath"
"florin","","vulpescu-jalea","florin vulpescu-jalea","m","zbmath"
"thomas","","king","thomas king","m","zbmath"
"kenji","","nishida","kenji nishida","m","zbmath"
"christian","","doring","christian doring","m","zbmath"
"norman","","levin","norman levin","m","zbmath"
"andreas","","floer","andreas floer","m","zbmath"
"vitaly","","ushakov","vitaly ushakov","m","zbmath"
"tomonori","","yamada","tomonori yamada","m","zbmath"
"stephen","","williamson","stephen williamson","m","zbmath"
"kent","","cantwell","kent cantwell","m","zbmath"
"igor","","samoilovych","igor samoilovych","m","zbmath"
"james","murray","hill","james murray hill","m","zbmath"
"henrik","","vosegaard","henrik vosegaard","m","zbmath"
"leonard","","kwuida","leonard kwuida","m","zbmath"
"gordon","","volk","gordon volk","m","zbmath"
"hamdi","","zorgati","hamdi zorgati","m","zbmath"
"lubica","","stanekova","lubica stanekova","f","zbmath"
"massimiliano","","pastore","massimiliano pastore","m","zbmath"
"catherine","","pardoux","catherine pardoux","f","zbmath"
"ernest","","rothman","ernest rothman","m","zbmath"
"emese","","vargyas","emese vargyas","f","zbmath"
"zoltan","","boros","zoltan boros","m","zbmath"
"reiner","","kallenborn","reiner kallenborn","m","zbmath"
"taro","","takimoto","taro takimoto","m","zbmath"
"gabrijela","","grujic","gabrijela grujic","f","zbmath"
"dmitry","","tamarkin","dmitry tamarkin","m","zbmath"
"maria","zofia","banaszczyk","maria zofia banaszczyk","f","zbmath"
"mehmet","namik","oguztoereli","mehmet namik oguztoereli","m","zbmath"
"irena","","lasiecka","irena lasiecka","f","zbmath"
"gary","","greenfield","gary greenfield","m","zbmath"
"rafael","","munoz-sola","rafael munoz-sola","m","zbmath"
"tomasz","","gorazd","tomasz gorazd","m","zbmath"
"seiya","","abe","seiya abe","m","zbmath"
"alexei","yu","karlovich","alexei yu karlovich","m","zbmath"
"ingrid","","glad","ingrid glad","f","zbmath"
"salah","","drabla","salah drabla","m","zbmath"
"malcolm","","cousland","malcolm cousland","m","zbmath"
"hideki","","nakamura","hideki nakamura","m","zbmath"
"philipp","","bodewig","philipp bodewig","m","zbmath"
"avi","","bick","avi bick","m","zbmath"
"soo","jin","kim","soo jin kim","f","zbmath"
"maciej","","dunajski","maciej dunajski","m","zbmath"
"daniel","","davison","daniel davison","m","zbmath"
"meenu","","verma","meenu verma","f","zbmath"
"stephen","","cowin","stephen cowin","m","zbmath"
"veska","","noncheva","veska noncheva","f","zbmath"
"stavros","","kousidis","stavros kousidis","m","zbmath"
"carlos","","garcia","carlos garcia","m","zbmath"
"andrey","","gromov","andrey gromov","m","zbmath"
"penny","","whiting","penny whiting","f","zbmath"
"arthur","","rothstein","arthur rothstein","m","zbmath"
"samuel","","alexander","samuel alexander","m","zbmath"
"miwa","","iwakura","miwa iwakura","f","zbmath"
"maurice","","goursat","maurice goursat","m","zbmath"
"krystyna","","gozdalska","krystyna gozdalska","f","zbmath"
"alexandru","","ghitza","alexandru ghitza","m","zbmath"
"abdullah","","saleh","abdullah saleh","m","zbmath"
"nader","","fallah","nader fallah","m","zbmath"
"serkan","","gugercin","serkan gugercin","m","zbmath"
"thomas","","knispel","thomas knispel","m","zbmath"
"paul","","ribenboim","paul ribenboim","m","zbmath"
"viorel","","cornea","viorel cornea","m","zbmath"
"yann","","peresse","yann peresse","m","zbmath"
"paul","","pinsky","paul pinsky","m","zbmath"
"enrico","","massa","enrico massa","m","zbmath"
"brad","","biggerstaff","brad biggerstaff","m","zbmath"
"stephen","","brooks","stephen brooks","m","zbmath"
"stanislaw","","wronski","stanislaw wronski","m","zbmath"
"figen","acil","kiraz","figen acil kiraz","f","zbmath"
"rakesh","","vohra","rakesh vohra","m","zbmath"
"rahul","","varshney","rahul varshney","m","zbmath"
"luis","","bel","luis bel","m","zbmath"
"santiago","","mira","santiago mira","m","zbmath"
"sunil","","audich","sunil audich","m","zbmath"
"michel","","klein","michel klein","m","zbmath"
"antoine","","vandendorpe","antoine vandendorpe","m","zbmath"
"maura","","mezzetti","maura mezzetti","f","zbmath"
"carl","","metzler","carl metzler","m","zbmath"
"carlos","","coimbra","carlos coimbra","m","zbmath"
"freddy","","bouchet","freddy bouchet","m","zbmath"
"jerald","","dauer","jerald dauer","m","zbmath"
"waldemar","","cieslak","waldemar cieslak","m","zbmath"
"marta","","llorente","marta llorente","f","zbmath"
"christopher","","cannings","christopher cannings","m","zbmath"
"maxim","","pavlov","maxim pavlov","m","zbmath"
"alberto","","verjovsky","alberto verjovsky","m","zbmath"
"erik","","monness","erik monness","m","zbmath"
"milija","","pavlovic","milija pavlovic","m","zbmath"
"fabrizio","","laurini","fabrizio laurini","m","zbmath"
"david","","woolbright","david woolbright","m","zbmath"
"hisayoshi","","shimizu","hisayoshi shimizu","m","zbmath"
"natalie","","thorne","natalie thorne","f","zbmath"
"izolda","","wiercinska","izolda wiercinska","f","zbmath"
"martin","","kruskemper","martin kruskemper","m","zbmath"
"mario","","perez-jimenez","mario perez-jimenez","m","zbmath"
"takahiro","","yatsuda","takahiro yatsuda","m","zbmath"
"antonio","","bonilla","antonio bonilla","m","zbmath"
"alf","birger","rustad","alf birger rustad","m","zbmath"
"james","","maynard","james maynard","m","zbmath"
"amir","","kavousi","amir kavousi","m","zbmath"
"robert","","godin","robert godin","m","zbmath"
"frode","","ronning","frode ronning","m","zbmath"
"roel","","willems","roel willems","m","zbmath"
"gareth","","ambler","gareth ambler","m","zbmath"
"ronald","","gordon","ronald gordon","m","zbmath"
"norbert","","adasch","norbert adasch","m","zbmath"
"konstantinos","","kanakoglou","konstantinos kanakoglou","m","zbmath"
"pierre","","marry","pierre marry","m","zbmath"
"nabil","","kahale","nabil kahale","m","zbmath"
"hitoshi","","horjo","hitoshi horjo","m","zbmath"
"dietrich","","suter","dietrich suter","m","zbmath"
"rade","","stanojevic","rade stanojevic","m","zbmath"
"thomas","","pietraho","thomas pietraho","m","zbmath"
"takuji","","sato","takuji sato","m","zbmath"
"kyriakos","","kilakos","kyriakos kilakos","m","zbmath"
"james","","maissen","james maissen","m","zbmath"
"irene","","livshits","irene livshits","f","zbmath"
"kelly","","schultz","kelly schultz","f","zbmath"
"nicusor","","minculete","nicusor minculete","m","zbmath"
"yoshihiko","","kitagaki","yoshihiko kitagaki","m","zbmath"
"nicolas","","george","nicolas george","m","zbmath"
"yurij","","lovejkin","yurij lovejkin","m","zbmath"
"joachim","","weickert","joachim weickert","m","zbmath"
"julio","","soria","julio soria","m","zbmath"
"matthias","","borowski","matthias borowski","m","zbmath"
"bernadette","","perrin-riou","bernadette perrin-riou","f","zbmath"
"anna","","bien","anna bien","f","zbmath"
"kazunori","","sakano","kazunori sakano","m","zbmath"
"sergey","","ermakov","sergey ermakov","m","zbmath"
"dragana","","cvetkovic-ilic","dragana cvetkovic-ilic","f","zbmath"
"andreas","","weinmann","andreas weinmann","m","zbmath"
"razvan","alin","satnoianu","razvan alin satnoianu","m","zbmath"
"beatriz","","sanz","beatriz sanz","f","zbmath"
"anna","","de-simone","anna de-simone","f","zbmath"
"justin","","colannino","justin colannino","m","zbmath"
"andres","","ramirez","andres ramirez","m","zbmath"
"miroslaw","","slosarski","miroslaw slosarski","m","zbmath"
"steven","","french","steven french","m","zbmath"
"agnese","","di-castro","agnese di-castro","f","zbmath"
"michael","","szarek","michael szarek","m","zbmath"
"yumiko","","watanabe","yumiko watanabe","f","zbmath"
"shaoqing","","liu","shaoqing liu","m","zbmath"
"kenjiro","","yamada","kenjiro yamada","m","zbmath"
"peter","","nickolas","peter nickolas","m","zbmath"
"hiroshi","","okuno","hiroshi okuno","m","zbmath"
"shunpu","","zhang","shunpu zhang","m","zbmath"
"praveen","","agarwal","praveen agarwal","m","zbmath"
"phoebe","","hoidn","phoebe hoidn","f","zbmath"
"james","","king","james king","m","zbmath"
"helena","","samajova","helena samajova","f","zbmath"
"george","","lowther","george lowther","m","zbmath"
"carlos","renato","vazquez","carlos renato vazquez","m","zbmath"
"yuan","","xu","yuan xu","m","zbmath"
"b","jo","ptashnyk","b jo ptashnyk","m","zbmath"
"max","","landsberg","max landsberg","m","zbmath"
"bjorn","","jahren","bjorn jahren","m","zbmath"
"smarajit","","bose","smarajit bose","m","zbmath"
"geoffrey","","ginsburg","geoffrey ginsburg","m","zbmath"
"ehud","","lehrer","ehud lehrer","m","zbmath"
"dilek","","gulten","dilek gulten","f","zbmath"
"masaru","","takeuchi","masaru takeuchi","m","zbmath"
"carlos","","ruiz-salguero","carlos ruiz-salguero","m","zbmath"
"adam","","van-tuyl","adam van-tuyl","m","zbmath"
"jwu","sheng","hu","jwu sheng hu","m","zbmath"
"eric","","johnson","eric johnson","m","zbmath"
"percy","","pierre","percy pierre","m","zbmath"
"charles","","vuono","charles vuono","m","zbmath"
"maria","conception","carvalho","maria conception carvalho","f","zbmath"
"feng","","rong","feng rong","m","zbmath"
"bowen","","yu","bowen yu","m","zbmath"
"paul","","kuhn","paul kuhn","m","zbmath"
"shigeki","","ohyanagi","shigeki ohyanagi","m","zbmath"
"alexander","","andronov","alexander andronov","m","zbmath"
"jirapha","","limbupasiriporn","jirapha limbupasiriporn","f","zbmath"
"rodica","","boliac","rodica boliac","f","zbmath"
"jan","tijmen","udding","jan tijmen udding","m","zbmath"
"steve","","rosencrans","steve rosencrans","m","zbmath"
"hsueh","chuan","liu","hsueh chuan liu","m","zbmath"
"eberhard","","siebert","eberhard siebert","m","zbmath"
"bernard","","dwork","bernard dwork","m","zbmath"
"gusztav","","rados","gusztav rados","m","zbmath"
"frieder","jens","lange","frieder jens lange","m","zbmath"
"sara","","mohanty","sara mohanty","f","zbmath"
"jesse","","beder","jesse beder","m","zbmath"
"timothy","","wagenmaker","timothy wagenmaker","m","zbmath"
"yasuyuki","","maeda","yasuyuki maeda","m","zbmath"
"ahmed","","zeriahi","ahmed zeriahi","m","zbmath"
"johann","","brauchart","johann brauchart","m","zbmath"
"niclas","","sjogren","niclas sjogren","m","zbmath"
"john","wilson","calkin","john wilson calkin","m","zbmath"
"igor","","litvin","igor litvin","m","zbmath"
"zvezdelina","","stankova-frenkel","zvezdelina stankova-frenkel","f","zbmath"
"junkyun","","choi","junkyun choi","m","zbmath"
"giuliana","","bianchi","giuliana bianchi","f","zbmath"
"haim","","reingold","haim reingold","m","zbmath"
"gavin","","shaddick","gavin shaddick","m","zbmath"
"angel","","dichev","angel dichev","m","zbmath"
"algimantas","","janusauskas","algimantas janusauskas","m","zbmath"
"ravi","","kumar","ravi kumar","m","zbmath"
"henning","","petzka","henning petzka","m","zbmath"
"paul","","yang","paul yang","m","zbmath"
"robert","","roe","robert roe","m","zbmath"
"yanwen","","shang","yanwen shang","m","zbmath"
"percy","","sanchez","percy sanchez","m","zbmath"
"gregory","","white","gregory white","m","zbmath"
"paolo","","chiesa","paolo chiesa","m","genderize_r_authors"
"ernesto","","abbate","ernesto abbate","m","genderize_r_authors"
"john","","epstein","john epstein","m","genderize_r_authors"
"margaret","","cotroneo","margaret cotroneo","f","genderize_r_authors"
"nicole","","kresge","nicole kresge","f","genderize_r_authors"
"robert","","simoni","robert simoni","m","genderize_r_authors"
"robert","","hill","robert hill","m","genderize_r_authors"
"ruth","","williams","ruth williams","f","genderize_r_authors"
"geoff","","watts","geoff watts","m","genderize_r_authors"
"gerhard","","burkhardt","gerhard burkhardt","m","genderize_r_authors"
"stephanie","","cash","stephanie cash","f","genderize_r_authors"
"david","","ebony","david ebony","m","genderize_r_authors"
"martin","","cooper","martin cooper","m","genderize_r_authors"
"mary","","clarke","mary clarke","f","genderize_r_authors"
"arnold","","whittall","arnold whittall","m","genderize_r_authors"
"prashant","","nair","prashant nair","m","genderize_r_authors"
"steven","","schwarz","steven schwarz","m","genderize_r_authors"
"rodolfo","","saracci","rodolfo saracci","m","genderize_r_authors"
"celso","","lafer","celso lafer","m","genderize_r_authors"
"luigi","","clauser","luigi clauser","m","genderize_r_authors"
"james","","marshall","james marshall","m","genderize_r_authors"
"mark","","finlay","mark finlay","m","genderize_r_authors"
"linda","","raber","linda raber","f","genderize_r_authors"
"hannah","","waters","hannah waters","f","genderize_r_authors"
"margaret","","shupnik","margaret shupnik","f","genderize_r_authors"
"heinrich","","schima","heinrich schima","m","genderize_r_authors"
"bart","","meyns","bart meyns","m","genderize_r_authors"
"beat","","walpoth","beat walpoth","m","genderize_r_authors"
"john","","booth","john booth","m","genderize_r_authors"
"john","","geer","john geer","m","genderize_r_authors"
"mitch","","seligson","mitch seligson","m","genderize_r_authors"
"michael","","ewart","michael ewart","m","genderize_r_authors"
"andrea","","luke","andrea luke","f","genderize_r_authors"
"dieter","","mewes","dieter mewes","m","genderize_r_authors"
"lisa","","kraus","lisa kraus","f","genderize_r_authors"
"donald","","lynden-bell","donald lynden-bell","m","genderize_r_authors"
"thomas","","pinnavaia","thomas pinnavaia","m","genderize_r_authors"
"charles","","letocha","charles letocha","m","genderize_r_authors"
"ludwig","","joerissen","ludwig joerissen","m","genderize_r_authors"
"wolfgang","","glatzer","wolfgang glatzer","m","genderize_r_authors"
"robert","","burton","robert burton","m","genderize_r_authors"
"graham","","thompson","graham thompson","m","genderize_r_authors"
"george","","helffrich","george helffrich","m","genderize_r_authors"
"james","","findlay","james findlay","m","genderize_r_authors"
"gordon","","dutton","gordon dutton","m","genderize_r_authors"
"antoni","","prusinski","antoni prusinski","m","genderize_r_authors"
"emilia","","visileanu","emilia visileanu","f","genderize_r_authors"
"erkin","","mirrakhimov","erkin mirrakhimov","m","genderize_r_authors"
"alan","","trounson","alan trounson","m","genderize_r_authors"
"becky","","parker","becky parker","f","genderize_r_authors"
"giovanni","","fava","giovanni fava","m","genderize_r_authors"
"dann","","mitchell","dann mitchell","m","genderize_r_authors"
"michael","","baer","michael baer","m","genderize_r_authors"
"elda","","gaino","elda gaino","f","genderize_r_authors"
"giuseppe","","dito","giuseppe dito","m","genderize_r_authors"
"daniel","","sternheimer","daniel sternheimer","m","genderize_r_authors"
"linda","","smith","linda smith","f","genderize_r_authors"
"carol","","tenopir","carol tenopir","f","genderize_r_authors"
"utlayan","","mohanty","utlayan mohanty","m","genderize_r_authors"
"michael","","herman","michael herman","m","genderize_r_authors"
"jack","","douglas","jack douglas","m","genderize_r_authors"
"domenico","","pignone","domenico pignone","m","genderize_r_authors"
"karl","","hammer","karl hammer","m","genderize_r_authors"
"yves","marie","allioux","yves marie allioux","m","genderize_r_authors"
"julien","","bogousslavsky","julien bogousslavsky","m","genderize_r_authors"
"adolf","","pfefferbaum","adolf pfefferbaum","m","genderize_r_authors"
"stanislaw","","zmarlicki","stanislaw zmarlicki","m","genderize_r_authors"
"geoffrey","","himes","geoffrey himes","m","genderize_r_authors"
"dieter","","stoeffler","dieter stoeffler","m","genderize_r_authors"
"david","","kring","david kring","m","genderize_r_authors"
"linda","","wang","linda wang","f","genderize_r_authors"
"felix","","beck","felix beck","m","genderize_r_authors"
"benjamin","","bederson","benjamin bederson","m","genderize_r_authors"
"robin","","shakeshaft","robin shakeshaft","m","genderize_r_authors"
"dilanki","","ranmuthu","dilanki ranmuthu","f","genderize_r_authors"
"richard","","carlson","richard carlson","m","genderize_r_authors"
"john","","chambers","john chambers","m","genderize_r_authors"
"sean","","solomon","sean solomon","m","genderize_r_authors"
"doug","","goff","doug goff","m","genderize_r_authors"
"scott","","wilkerson","scott wilkerson","m","genderize_r_authors"
"bill","","shea","bill shea","m","genderize_r_authors"
"pedro","","bravo-elizondo","pedro bravo-elizondo","m","genderize_r_authors"
"nicholas","","markham","nicholas markham","m","genderize_r_authors"
"sameer","","sarkar","sameer sarkar","m","genderize_r_authors"
"kieron","","o'connor","kieron o'connor","m","genderize_r_authors"
"shlomo","","melmed","shlomo melmed","m","genderize_r_authors"
"lilien","","ji","lilien ji","m","genderize_r_authors"
"kefeng","","liu","kefeng liu","m","genderize_r_authors"
"shing","tung","yau","shing tung yau","m","genderize_r_authors"
"vladimir","","levin","vladimir levin","m","genderize_r_authors"
"laurent","","schmitt","laurent schmitt","m","genderize_r_authors"
"gorazd","","mesko","gorazd mesko","m","genderize_r_authors"
"rolf","","wunderer","rolf wunderer","m","genderize_r_authors"
"fred","","opperdoes","fred opperdoes","m","genderize_r_authors"
"margaret","","scott","margaret scott","f","genderize_r_authors"
"gustl","","anzenberger","gustl anzenberger","m","genderize_r_authors"
"barbara","","falk","barbara falk","f","genderize_r_authors"
"mladen","","vujosevic","mladen vujosevic","m","genderize_r_authors"
"nellie","","bristol","nellie bristol","f","genderize_r_authors"
"richard","","olmstead","richard olmstead","m","genderize_r_authors"
"thomas","","gross","thomas gross","m","genderize_r_authors"
"bernard","","oxman","bernard oxman","m","genderize_r_authors"
"christopher","","sullivan","christopher sullivan","m","genderize_r_authors"
"eugene","","litvinoff","eugene litvinoff","m","genderize_r_authors"
"mark","","seifert","mark seifert","m","genderize_r_authors"
"john","","ashton","john ashton","m","genderize_r_authors"
"warwick","","murray","warwick murray","m","genderize_r_authors"
"ingeborg","","geyer","ingeborg geyer","f","genderize_r_authors"
"martin","","seger","martin seger","m","genderize_r_authors"
"george","","oswald","george oswald","m","genderize_r_authors"
"john","","rochford","john rochford","m","genderize_r_authors"
"aijaz","","ahmed","aijaz ahmed","m","genderize_r_authors"
"carlos","","esquivel","carlos esquivel","m","genderize_r_authors"
"peter","","knoedel","peter knoedel","m","genderize_r_authors"
"tobias","","loose","tobias loose","m","genderize_r_authors"
"margaret","","walker","margaret walker","f","genderize_r_authors"
"randy","","beard","randy beard","m","genderize_r_authors"
"olivier","","tosseri","olivier tosseri","m","genderize_r_authors"
"william","","scheuerman","william scheuerman","m","genderize_r_authors"
"ruth","","duncan","ruth duncan","f","genderize_r_authors"
"len","","seymour","len seymour","m","genderize_r_authors"
"michael","","crabb","michael crabb","m","genderize_r_authors"
"andras","","rona-tas","andras rona-tas","m","genderize_r_authors"
"jeff","","myers","jeff myers","m","genderize_r_authors"
"patricia","","d'antonio","patricia d'antonio","f","genderize_r_authors"
"james","","urbaniak","james urbaniak","m","genderize_r_authors"
"richard","","goldner","richard goldner","m","genderize_r_authors"
"james","","nunley","james nunley","m","genderize_r_authors"
"pamela","","kort","pamela kort","f","genderize_r_authors"
"diane","romayne","baker","diane romayne baker","f","genderize_r_authors"
"goran","","brajuskovic","goran brajuskovic","m","genderize_r_authors"
"heidrun","","steinmetz","heidrun steinmetz","f","genderize_r_authors"
"oktay","","tabasaran","oktay tabasaran","m","genderize_r_authors"
"joseph","","carman","joseph carman","m","genderize_r_authors"
"john","","king","john king","m","genderize_r_authors"
"vladimiro","","mujica","vladimiro mujica","m","genderize_r_authors"
"abraham","","nitzan","abraham nitzan","m","genderize_r_authors"
"kurt","","mikkelsen","kurt mikkelsen","m","genderize_r_authors"
"luisa","","karczubova","luisa karczubova","f","genderize_r_authors"
"michal","","altrichter","michal altrichter","m","genderize_r_authors"
"pavel","","ambros","pavel ambros","m","genderize_r_authors"
"theo","","bakker","theo bakker","m","genderize_r_authors"
"thomas","","lubjuhn","thomas lubjuhn","m","genderize_r_authors"
"harald","","kullmann","harald kullmann","m","genderize_r_authors"
"geraldo","vicente","de almeida","geraldo vicente de almeida","m","genderize_r_authors"
"john","","healey","john healey","m","genderize_r_authors"
"john","","lamb","john lamb","m","genderize_r_authors"
"jyoji","","yamate","jyoji yamate","m","genderize_r_authors"
"steve","","awodey","steve awodey","m","genderize_r_authors"
"brian","","booth","brian booth","m","genderize_r_authors"
"elena","","hecht","elena hecht","f","genderize_r_authors"
"xiongwei","","zhu","xiongwei zhu","m","genderize_r_authors"
"rudy","","castellani","rudy castellani","m","genderize_r_authors"
"hyoung","gon","lee","hyoung gon lee","m","genderize_r_authors"
"george","","perry","george perry","m","genderize_r_authors"
"alan","","weeds","alan weeds","m","genderize_r_authors"
"david","","phillips","david phillips","m","genderize_r_authors"
"ronald","grigor","suny","ronald grigor suny","m","genderize_r_authors"
"janusz","","chrusciel","janusz chrusciel","m","genderize_r_authors"
"wojciech","","zajac","wojciech zajac","m","genderize_r_authors"
"andrzej","","szytula","andrzej szytula","m","genderize_r_authors"
"krystian","","roleder","krystian roleder","m","genderize_r_authors"
"john","","mccourt","john mccourt","m","genderize_r_authors"
"elwyn","","berlekamp","elwyn berlekamp","m","genderize_r_authors"
"dijana","","plaseska-karanfilska","dijana plaseska-karanfilska","f","genderize_r_authors"
"aleksandar","","dimovski","aleksandar dimovski","m","genderize_r_authors"
"arthur","","willoughby","arthur willoughby","m","genderize_r_authors"
"susan","","ainsworth","susan ainsworth","f","genderize_r_authors"
"jan","","tropilo","jan tropilo","m","genderize_r_authors"
"thomas","","smith","thomas smith","m","genderize_r_authors"
"joseph","","geraci","joseph geraci","m","genderize_r_authors"
"gerard","","chaouat","gerard chaouat","m","genderize_r_authors"
"david","","wardle","david wardle","m","genderize_r_authors"
"craig","","ross","craig ross","m","genderize_r_authors"
"brian","","boag","brian boag","m","genderize_r_authors"
"david","","coleman","david coleman","m","genderize_r_authors"
"alaa","","abd-el-aziz","alaa abd-el-aziz","m","genderize_r_authors"
"mark","","mattson","mark mattson","m","genderize_r_authors"
"adam","","lashinsky","adam lashinsky","m","genderize_r_authors"
"bradley","","schaffner","bradley schaffner","m","genderize_r_authors"
"willie","","adams","willie adams","m","genderize_r_authors"
"michael","","cataldo","michael cataldo","m","genderize_r_authors"
"nancy","","davidson","nancy davidson","f","genderize_r_authors"
"paul","","vecsei","paul vecsei","m","genderize_r_authors"
"daniel","","alcouffe","daniel alcouffe","m","genderize_r_authors"
"wojciech","","kadziolka","wojciech kadziolka","m","genderize_r_authors"
"cezary","","piwkowski","cezary piwkowski","m","genderize_r_authors"
"aaron","","cohen","aaron cohen","m","genderize_r_authors"
"gerhard","","eisenbrand","gerhard eisenbrand","m","genderize_r_authors"
"christine","","janzowski","christine janzowski","f","genderize_r_authors"
"stephen","","hecht","stephen hecht","m","genderize_r_authors"
"larry","","keefer","larry keefer","m","genderize_r_authors"
"steven","","tannenbaum","steven tannenbaum","m","genderize_r_authors"
"doug","","scott","doug scott","m","genderize_r_authors"
"elisabeth","","maerker-hermann","elisabeth maerker-hermann","f","genderize_r_authors"
"wolfgang","","bolten","wolfgang bolten","m","genderize_r_authors"
"gary","","huss","gary huss","m","genderize_r_authors"
"david","","cassel","david cassel","m","genderize_r_authors"
"donald","","holcomb","donald holcomb","m","genderize_r_authors"
"hans","","moser","hans moser","m","genderize_r_authors"
"michel","","ciment","michel ciment","m","genderize_r_authors"
"pierre","","roubertoux","pierre roubertoux","m","genderize_r_authors"
"laurie","","kennedy-malone","laurie kennedy-malone","f","genderize_r_authors"
"richard","","keiter","richard keiter","m","genderize_r_authors"
"daniel","","reger","daniel reger","m","genderize_r_authors"
"andrea","","amort","andrea amort","f","genderize_r_authors"
"tomasz","","stanko","tomasz stanko","m","genderize_r_authors"
"alberto","","basso","alberto basso","m","genderize_r_authors"
"pam","","das","pam das","f","genderize_r_authors"
"joseph","","forrest","joseph forrest","m","genderize_r_authors"
"shaun","","brady","shaun brady","m","genderize_r_authors"
"stanislaw","","lewak","stanislaw lewak","m","genderize_r_authors"
"francoise","","corbineau","francoise corbineau","f","genderize_r_authors"
"leena","","bruckner-tuderman","leena bruckner-tuderman","f","genderize_r_authors"
"guenter","","burg","guenter burg","m","genderize_r_authors"
"jochen","","golz","jochen golz","m","genderize_r_authors"
"anitra","","thorhaug","anitra thorhaug","f","genderize_r_authors"
"graeme","","berlyn","graeme berlyn","m","genderize_r_authors"
"andrea","","bianco","andrea bianco","m","genderize_r_authors"
"admela","","jukan","admela jukan","f","genderize_r_authors"
"george","","rouskas","george rouskas","m","genderize_r_authors"
"wendy","","jackson","wendy jackson","f","genderize_r_authors"
"susan","","sanders","susan sanders","f","genderize_r_authors"
"peter","","jackson","peter jackson","m","genderize_r_authors"
"oliver","","braddick","oliver braddick","m","genderize_r_authors"
"janette","","atkinson","janette atkinson","f","genderize_r_authors"
"gary","","anderson","gary anderson","m","genderize_r_authors"
"david","","zeman","david zeman","m","genderize_r_authors"
"richard","","johnson","richard johnson","m","genderize_r_authors"
"robert","","mcchesney","robert mcchesney","m","genderize_r_authors"
"samir","","amin","samir amin","m","genderize_r_authors"
"jacques","","hersh","jacques hersh","m","genderize_r_authors"
"paul","","burkett","paul burkett","m","genderize_r_authors"
"brett","","clark","brett clark","m","genderize_r_authors"
"martha","","gimenez","martha gimenez","f","genderize_r_authors"
"sam","","gindin","sam gindin","m","genderize_r_authors"
"joan","","greenbaum","joan greenbaum","f","genderize_r_authors"
"joseph","","halevi","joseph halevi","m","genderize_r_authors"
"john","","mage","john mage","m","genderize_r_authors"
"morteza","","mohit","morteza mohit","m","genderize_r_authors"
"immanuel","","ness","immanuel ness","m","genderize_r_authors"
"bertell","","ollman","bertell ollman","m","genderize_r_authors"
"leo","","panitch","leo panitch","m","genderize_r_authors"
"comrade","","parvati","comrade parvati","f","genderize_r_authors"
"robert","","pollin","robert pollin","m","genderize_r_authors"
"lukin","","robinson","lukin robinson","m","genderize_r_authors"
"annette","","rubinstein","annette rubinstein","f","genderize_r_authors"
"julie","","ruben","julie ruben","f","genderize_r_authors"
"bernie","","sanders","bernie sanders","m","genderize_r_authors"
"lybess","","sweezy","lybess sweezy","f","genderize_r_authors"
"ken","","miller","ken miller","m","genderize_r_authors"
"pierre","sylvain","filliozat","pierre sylvain filliozat","m","genderize_r_authors"
"dorothea","","schaefter","dorothea schaefter","f","genderize_r_authors"
"jane","","evans","jane evans","f","genderize_r_authors"
"fumio","","fujii","fumio fujii","m","genderize_r_authors"
"anne","","sutcliffe","anne sutcliffe","f","genderize_r_authors"
"jetse","","reijenga","jetse reijenga","m","genderize_r_authors"
"theo","","verheggen","theo verheggen","m","genderize_r_authors"
"nicholas","","collias","nicholas collias","m","genderize_r_authors"
"charles","","kung","charles kung","m","genderize_r_authors"
"terry","","lappin","terry lappin","m","genderize_r_authors"
"anne","hudson","jones","anne hudson jones","f","genderize_r_authors"
"matthew","","cobb","matthew cobb","m","genderize_r_authors"
"baudouin","","eschapasse","baudouin eschapasse","m","genderize_r_authors"
"budhan","","pukazhenthi","budhan pukazhenthi","m","genderize_r_authors"
"povl","","munk-jorgensen","povl munk-jorgensen","m","genderize_r_authors"
"mary","","droser","mary droser","f","genderize_r_authors"
"george","","bernard","george bernard","m","genderize_r_authors"
"jan","","van hurnbeeck","jan van hurnbeeck","m","genderize_r_authors"
"george","","burgin","george burgin","m","genderize_r_authors"
"elisabeth","","nehring","elisabeth nehring","f","genderize_r_authors"
"daniel","","costa","daniel costa","m","genderize_r_authors"
"glenn","","stein","glenn stein","m","genderize_r_authors"
"elmar","","peschke","elmar peschke","m","genderize_r_authors"
"james","","willerson","james willerson","m","genderize_r_authors"
"gustaaf","","hallegraeff","gustaaf hallegraeff","m","genderize_r_authors"
"susan","","blackburn","susan blackburn","f","genderize_r_authors"
"suzanne","","roy","suzanne roy","f","genderize_r_authors"
"maria","","vernet","maria vernet","f","genderize_r_authors"
"kazimierz","","zakrzewski","kazimierz zakrzewski","m","genderize_r_authors"
"kurt","","koszyk","kurt koszyk","m","genderize_r_authors"
"hans","peter","bruch","hans peter bruch","m","genderize_r_authors"
"nirbhay","","shrivastava","nirbhay shrivastava","m","genderize_r_authors"
"andrzej","","nowak","andrzej nowak","m","genderize_r_authors"
"kalman","","kovacs","kalman kovacs","m","genderize_r_authors"
"agnes","","murphy","agnes murphy","f","genderize_r_authors"
"carol","anne","costabile-heming","carol anne costabile-heming","f","genderize_r_authors"
"konrad","","umlauf","konrad umlauf","m","genderize_r_authors"
"darryl","","de vivo","darryl de vivo","m","genderize_r_authors"
"salvatore","","dimauro","salvatore dimauro","m","genderize_r_authors"
"virginie","","westeel","virginie westeel","f","genderize_r_authors"
"elisabeth","","quoix","elisabeth quoix","f","genderize_r_authors"
"jean","louis","pujol","jean louis pujol","m","genderize_r_authors"
"bernard","","milleron","bernard milleron","m","genderize_r_authors"
"wolf","","loeckle","wolf loeckle","m","genderize_r_authors"
"helmut","","fleinghaus","helmut fleinghaus","m","genderize_r_authors"
"michel","","zink","michel zink","m","genderize_r_authors"
"karl","heinz","schwalbe","karl heinz schwalbe","m","genderize_r_authors"
"jens","","norskov","jens norskov","m","genderize_r_authors"
"bjerne","","clausen","bjerne clausen","m","genderize_r_authors"
"frans","","de wet","frans de wet","m","genderize_r_authors"
"bernd","","schoenfeld","bernd schoenfeld","m","genderize_r_authors"
"klaus","","franken","klaus franken","m","genderize_r_authors"
"gerard","","mcburney","gerard mcburney","m","genderize_r_authors"
"jesus","","kumate-rodriguez","jesus kumate-rodriguez","m","genderize_r_authors"
"pamela","","das","pamela das","f","genderize_r_authors"
"guenter","","wetzel","guenter wetzel","m","genderize_r_authors"
"william","","haubrich","william haubrich","m","genderize_r_authors"
"geoffrey","","greene","geoffrey greene","m","genderize_r_authors"
"frederick","","neuhouser","frederick neuhouser","m","genderize_r_authors"
"josef","","zahradnicek","josef zahradnicek","m","genderize_r_authors"
"oleg","","alifanov","oleg alifanov","m","genderize_r_authors"
"ben","","blackwell","ben blackwell","m","genderize_r_authors"
"kevin","","cole","kevin cole","m","genderize_r_authors"
"filippo","","demonte","filippo demonte","m","genderize_r_authors"
"kirk","","dolan","kirk dolan","m","genderize_r_authors"
"robert","","mcmasters","robert mcmasters","m","genderize_r_authors"
"aleksey","","nenarokomov","aleksey nenarokomov","m","genderize_r_authors"
"keith","","woodbury","keith woodbury","m","genderize_r_authors"
"jean","pierre","bardon","jean pierre bardon","m","genderize_r_authors"
"elaine","","scott","elaine scott","f","genderize_r_authors"
"neil","","wright","neil wright","m","genderize_r_authors"
"christine","","hanrahan","christine hanrahan","f","genderize_r_authors"
"beverly","","mcbride","beverly mcbride","f","genderize_r_authors"
"irwin","","brodo","irwin brodo","m","genderize_r_authors"
"martin","","haspelmath","martin haspelmath","m","genderize_r_authors"
"ekkehard","","konig","ekkehard konig","m","genderize_r_authors"
"matthew","","rubery","matthew rubery","m","genderize_r_authors"
"ralph","","lachman","ralph lachman","m","genderize_r_authors"
"mark","","ratner","mark ratner","m","genderize_r_authors"
"raj","","manchanda","raj manchanda","m","genderize_r_authors"
"chaturbhuja","","nayak","chaturbhuja nayak","m","genderize_r_authors"
"ted","","panken","ted panken","m","genderize_r_authors"
"victor","","basili","victor basili","m","genderize_r_authors"
"grady","","booch","grady booch","m","genderize_r_authors"
"doug","","vogel","doug vogel","m","genderize_r_authors"
"richard","","sherins","richard sherins","m","genderize_r_authors"
"michael","","whiticar","michael whiticar","m","genderize_r_authors"
"jan","","de leeuw","jan de leeuw","m","genderize_r_authors"
"michael","","stratford","michael stratford","m","genderize_r_authors"
"james","","anderson","james anderson","m","genderize_r_authors"
"paul","","catling","paul catling","m","genderize_r_authors"
"gisele","","mitrow","gisele mitrow","f","genderize_r_authors"
"jacques","","cayouette","jacques cayouette","m","genderize_r_authors"
"pietro","","ruggieri","pietro ruggieri","m","genderize_r_authors"
"david","","hamilton","david hamilton","m","genderize_r_authors"
"nicolas","","barker","nicolas barker","m","genderize_r_authors"
"michel","","rohmer","michel rohmer","m","genderize_r_authors"
"annie","","boon","annie boon","f","genderize_r_authors"
"wolfgang","","wiese","wolfgang wiese","m","genderize_r_authors"
"gertjan","","van ommen","gertjan van ommen","m","genderize_r_authors"
"elizabeth","","fee","elizabeth fee","f","genderize_r_authors"
"kenneth","","caldwell","kenneth caldwell","m","genderize_r_authors"
"gerd","","hartmann","gerd hartmann","m","genderize_r_authors"
"alex","","dickison","alex dickison","m","genderize_r_authors"
"ken","","shortman","ken shortman","m","genderize_r_authors"
"john","","feehally","john feehally","m","genderize_r_authors"
"john","","eastwood","john eastwood","m","genderize_r_authors"
"stewart","","cameron","stewart cameron","m","genderize_r_authors"
"julie","","cruikshank","julie cruikshank","f","genderize_r_authors"
"jane","","cox","jane cox","f","genderize_r_authors"
"paul","","fisher","paul fisher","m","genderize_r_authors"
"jose","carlos","mainer","jose carlos mainer","m","genderize_r_authors"
"hedy","","weiss","hedy weiss","f","genderize_r_authors"
"rolf","tore","ottesen","rolf tore ottesen","m","genderize_r_authors"
"clemens","","reimann","clemens reimann","m","genderize_r_authors"
"sharon","","franks","sharon franks","f","genderize_r_authors"
"violetta","","elvin","violetta elvin","f","genderize_r_authors"
"samuel","","loewenberg","samuel loewenberg","m","genderize_r_authors"
"almut","","schuez","almut schuez","f","genderize_r_authors"
"peyton","","weary","peyton weary","m","genderize_r_authors"
"david","","howell","david howell","m","genderize_r_authors"
"keith","","gildart","keith gildart","m","genderize_r_authors"
"andrzej","","szyprowski","andrzej szyprowski","m","genderize_r_authors"
"marek","","sciazko","marek sciazko","m","genderize_r_authors"
"andrew","","holmes","andrew holmes","m","genderize_r_authors"
"francois","","quenin","francois quenin","m","genderize_r_authors"
"rosa","","ballester","rosa ballester","f","genderize_r_authors"
"scott","","seidel","scott seidel","m","genderize_r_authors"
"lorenzo","","franchi","lorenzo franchi","m","genderize_r_authors"
"nikolay","","mchedlov-petrossyan","nikolay mchedlov-petrossyan","m","genderize_r_authors"
"claudio","","martini","claudio martini","m","genderize_r_authors"
"beth","","bailey","beth bailey","f","genderize_r_authors"
"david","","farber","david farber","m","genderize_r_authors"
"serdar","","erdine","serdar erdine","m","genderize_r_authors"
"david","","wiesenfeld","david wiesenfeld","m","genderize_r_authors"
"suzanne","","smith","suzanne smith","f","genderize_r_authors"
"valdur","","ohmann","valdur ohmann","m","genderize_r_authors"
"peter","","gerler","peter gerler","m","genderize_r_authors"
"judith","","harris","judith harris","f","genderize_r_authors"
"jose","","rodriguez portales","jose rodriguez portales","m","genderize_r_authors"
"barbara","","crain","barbara crain","f","genderize_r_authors"
"maria","","cieslak-golonka","maria cieslak-golonka","f","genderize_r_authors"
"breska","","kojic-prodic","breska kojic-prodic","f","genderize_r_authors"
"nikola","","ljubesic","nikola ljubesic","m","genderize_r_authors"
"branka","","salopek-sondi","branka salopek-sondi","f","genderize_r_authors"
"colin","","brauner","colin brauner","m","genderize_r_authors"
"ryszard","","zaba","ryszard zaba","m","genderize_r_authors"
"philippe","","rouyer","philippe rouyer","m","genderize_r_authors"
"daniel","","kontak","daniel kontak","m","genderize_r_authors"
"tamer","","basar","tamer basar","m","genderize_r_authors"
"kimball","","milton","kimball milton","m","genderize_r_authors"
"mike","","maceina","mike maceina","m","genderize_r_authors"
"graves","","lovell","graves lovell","m","genderize_r_authors"
"csaba","","csuzdi","csaba csuzdi","m","genderize_r_authors"
"marilyn","","goske","marilyn goske","f","genderize_r_authors"
"carol","","rumack","carol rumack","f","genderize_r_authors"
"john","","craig","john craig","m","genderize_r_authors"
"richard","","lynn","richard lynn","m","genderize_r_authors"
"zdenek","","pertold","zdenek pertold","m","genderize_r_authors"
"laura","","bolton","laura bolton","f","genderize_r_authors"
"arlene","","goldberg-gist","arlene goldberg-gist","f","genderize_r_authors"
"ian","","morison","ian morison","m","genderize_r_authors"
"david","","hughes","david hughes","m","genderize_r_authors"
"roger","","higson","roger higson","m","genderize_r_authors"
"nancy","mary","adams","nancy mary adams","f","genderize_r_titles"
"lloyd","","sutherland","lloyd r sutherland","m","genderize_r_titles"
"john","","hubbell","john h. hubbell","m","genderize_r_titles"
"frank","","kyte","frank kyte","m","genderize_r_titles"
"nobuo","","tanaka","nobuo tanaka","m","genderize_r_titles"
"jaroslav","","krejci","jaroslav krejci","m","genderize_r_titles"
"ma","","ting ying","ma ting ying","m","genderize_r_titles"
"donald","","britton","donald m. britton","m","genderize_r_titles"
"william","","wayne","william wayne","m","genderize_r_titles"
"wolfram","","steude","wolfram steude","m","genderize_r_titles"
"winfried","","schlepphorst","winfried schlepphorst","m","genderize_r_titles"
"josiah","","wedgwood","josiah wedgwood","m","genderize_r_titles"
"leo","","valiani","leo valiani","m","genderize_r_titles"
"claus","","bantzer","claus bantzer","m","genderize_r_titles"
"brian","","rudall","brian h. rudall","m","genderize_r_titles"
"armando","","testa","armando testa","m","genderize_r_titles"
"tadeusz","","zulinski","tadeusz zulinski","m","genderize_r_titles"
"rob","roy","kelly","rob roy kelly","m","genderize_r_titles"
"filippo","","turati","filippo turati","m","genderize_r_titles"
"attila","","szabo","attila szabo","m","genderize_r_titles"
"ingram","","olkin","ingram olkin","m","genderize_r_titles"
"allen","purdue","britton","allen purdue britton","m","genderize_r_titles"
"leon","","higginbotham","leon higginbotham","m","genderize_r_titles"
"rainer","","rosengren","rainer rosengren","m","genderize_r_titles"
"thomas","","wenzel","thomas j. wenzel","m","genderize_r_titles"
"aage","niels","bohr","aage niels bohr","m","genderize_r_titles"
"samuel","","delany","samuel delany","m","genderize_r_titles"
"shelley","","winters","shelley winters","f","genderize_r_titles"
"alastair","michael","porter","alastair michael douglas porter","m","genderize_r_titles"
"alastair","vincent","campbell","alastair vincent campbell","m","genderize_r_titles"
"aldo","ricardo","castaneda","aldo ricardo castaneda","m","genderize_r_titles"
"aleksandr","aleksandrovich","kaplyanskii","aleksandr aleksandrovich kaplyanskii","m","genderize_r_titles"
"aleksandr","petrovich","krylov","aleksandr petrovich krylov","m","genderize_r_titles"
"aleksandr","yakovlevich","lerner","aleksandr yakovlevich lerner","m","genderize_r_titles"
"alexander","","grando","alexander grando","m","genderize_r_titles"
"alexander","yakovlevich","lerner","alexander yakovlevich lerner","m","genderize_r_titles"
"alvin","","novick","alvin novick","m","genderize_r_titles"
"anatolii","aleksandrovich","ishchenko","anatolii aleksandrovich ishchenko","m","genderize_r_titles"
"andre","","jurres","andre jurres","m","genderize_r_titles"
"andre","stephane","hamer","andre stephane hamer","m","genderize_r_titles"
"andrzej","","szczeklik","andrzej szczeklik","m","genderize_r_titles"
"anna","isabella","davison","anna isabella davison","f","genderize_r_titles"
"anne","mary","buck","anne mary buck","f","genderize_r_titles"
"anthony","","dipple","anthony dipple","m","genderize_r_titles"
"anthony","francis","rickards","anthony francis rickards","m","genderize_r_titles"
"antony","frank","francis","antony frank francis","m","genderize_r_titles"
"arsen","ralph","papakhian","arsen ralph papakhian","m","genderize_r_titles"
"peter","","schultz","peter g. schultz","m","genderize_r_titles"
"arthur","","levin","arthur levin","m","genderize_r_titles"
"arthur","philip","waind","arthur philip booth waind","m","genderize_r_titles"
"sason","","shaik","sason shaik","m","genderize_r_titles"
"diane","","halpern","diane f. halpern","f","genderize_r_titles"
"jeannette","","townsend","jeannette j. townsend","f","genderize_r_titles"
"peter","","block","peter block","m","genderize_r_titles"
"plutarco","","naranjo","plutarco naranjo","m","genderize_r_titles"
"babatunde","","olatunji","babatunde olatunji","m","genderize_r_titles"
"faustin","","linyekula","faustin linyekula","m","genderize_r_titles"
"benedict","john","barry","benedict john barry","m","genderize_r_titles"
"bernardino","","luini","bernardino luini","m","genderize_r_titles"
"bertram","neville","brockhouse","bertram neville brockhouse","m","genderize_r_titles"
"henri","","dumont","henri j. dumont","m","genderize_r_titles"
"bill","","ricker","bill ricker","m","genderize_r_titles"
"david","","solomon","david h. solomon","m","genderize_r_titles"
"bob","","talley","bob talley","m","genderize_r_titles"
"bruce","","goldberg","bruce goldberg","m","genderize_r_titles"
"bryn","","terfel","bryn terfel","m","genderize_r_titles"
"burnaby","","munson","burnaby munson","m","genderize_r_titles"
"dennis","","irwin","dennis irwin","m","genderize_r_titles"
"judith","","kaye","judith s. kaye","f","genderize_r_titles"
"campbell","grieve","stalker","campbell grieve stalker","m","genderize_r_titles"
"carl","gottfried","semper","carl gottfried semper","m","genderize_r_titles"
"carl","gustav","jung","carl gustav jung","m","genderize_r_titles"
"carla","","gavazzi","carla gavazzi","f","genderize_r_titles"
"carlo","","pucci","carlo pucci","m","genderize_r_titles"
"leonhard","","euler","leonhard euler","m","genderize_r_titles"
"charles","","darwin","charles darwin","m","genderize_r_titles"
"john","","volkman","john volkman","m","genderize_r_titles"
"lisa","","fish","lisa h. fish","f","genderize_r_titles"
"daniel","","drucker","daniel drucker","m","genderize_r_titles"
"john","","funder","john w. funder","m","genderize_r_titles"
"claude","","bernard","claude bernard","m","genderize_r_titles"
"stefan","","sarge","stefan sarge","m","genderize_r_titles"
"william","","menninger","william c menninger","m","genderize_r_titles"
"edwin","","morgan","edwin morgan","m","genderize_r_titles"
"petr","","kellner","petr kellner","m","genderize_r_titles"
"david","abraham","katcher","david abraham katcher","m","genderize_r_titles"
"david","hamilton","smith","david hamilton smith","m","genderize_r_titles"
"david","herbert","donald","david herbert donald","m","genderize_r_titles"
"david","","lintott","david lintott","m","genderize_r_titles"
"david","morris","welborn","david morris welborn","m","genderize_r_titles"
"david","","murray","david murray","m","genderize_r_titles"
"david","schofield","jeffery","david schofield jeffery","m","genderize_r_titles"
"david","","shoenberg","david shoenberg","m","genderize_r_titles"
"david","","sutton","david sutton","m","genderize_r_titles"
"xiaqi","","ding","xiaqi ding","m","genderize_r_titles"
"derek","charles","robinson","derek charles robinson","m","genderize_r_titles"
"derek","","wilson","derek wilson","m","genderize_r_titles"
"mieczyslaw","","weinberg","mieczyslaw weinberg","m","genderize_r_titles"
"paivi","","astedt-kurki","paivi astedt-kurki","f","genderize_r_titles"
"don","","van vliet","don van vliet","m","genderize_r_titles"
"donald","morgan","anderson","donald morgan anderson","m","genderize_r_titles"
"donald","redfield","griffin","donald redfield griffin","m","genderize_r_titles"
"donald","stevenson","pitkin","donald stevenson pitkin","m","genderize_r_titles"
"donald","william","gau","donald william gau","m","genderize_r_titles"
"kenneth","","woodford","kenneth woodford","m","genderize_r_titles"
"peter","","nathan","peter nathan","m","genderize_r_titles"
"richard","moreton","ellison","richard moreton ellison","m","genderize_r_titles"
"samuel","","eiduson","samuel eiduson","m","genderize_r_titles"
"catherine","","pasquier","catherine pasquier","f","genderize_r_titles"
"clifton","fletcher","mountain","clifton fletcher mountain","m","genderize_r_titles"
"john","","barrett","john f barrett","m","genderize_r_titles"
"marco","","pizzolato","marco pizzolato","m","genderize_r_titles"
"michael","","debakey","michael e. debakey","m","genderize_r_titles"
"peer","michael","portner","peer michael portner","m","genderize_r_titles"
"thomas","","sparks","thomas c. sparks","m","genderize_r_titles"
"willem","","kolff","willem j. kolff","m","genderize_r_titles"
"durr","","freedley","durr freedley","m","genderize_r_titles"
"paul","","torrance","paul torrance","m","genderize_r_titles"
"earl","","witenberg","earl witenberg","m","genderize_r_titles"
"eberhard","","braun","eberhard braun","m","genderize_r_titles"
"edda","","farnetani","edda farnetani","f","genderize_r_titles"
"edmund","neville","hey","edmund neville hey","m","genderize_r_titles"
"edward","","de maeyer","edward de maeyer","m","genderize_r_titles"
"edward","","teller","edward teller","m","genderize_r_titles"
"edwin","sinclair","young","edwin sinclair young","m","genderize_r_titles"
"elisabeth","","dalton","elisabeth dalton","f","genderize_r_titles"
"elizabeth","","parkinson cobb","elizabeth parkinson cobb","f","genderize_r_titles"
"eloge","john","greene","eloge john colton greene","m","genderize_r_titles"
"eric","matheson","dunlop","eric matheson dunlop","m","genderize_r_titles"
"erica","","gastelli","erica gastelli","f","genderize_r_titles"
"ernst","","knobil","ernst knobil","m","genderize_r_titles"
"evgenii","akimovich","turov","evgenii akimovich turov","m","genderize_r_titles"
"evgenii","nikolaevich","avrorin","evgenii nikolaevich avrorin","m","genderize_r_titles"
"dick","","dalitz","dick dalitz","m","genderize_r_titles"
"milan","","podrimavsky","milan podrimavsky","m","genderize_r_titles"
"michael","","bowers","michael t. bowers","m","genderize_r_titles"
"marian","","cehelnik","marian cehelnik","m","genderize_r_titles"
"milton","","terris","milton terris","m","genderize_r_titles"
"alan","","marlatt","alan marlatt","m","genderize_r_titles"
"garry","davis","jones","garry davis jones","m","genderize_r_titles"
"line","","garnero","line garnero","f","genderize_r_titles"
"geoffrey","john","pugh","geoffrey john frederick pugh","m","genderize_r_titles"
"george","adam","newsholme","george adam newsholme","m","genderize_r_titles"
"george","","adams","george adams","m","genderize_r_titles"
"george","alfred","quinnell","george alfred fiske quinnell","m","genderize_r_titles"
"george","","veronis","george veronis","m","genderize_r_titles"
"george","william","blair","george william scott blair","m","genderize_r_titles"
"gilbert","","jenkins","gilbert jenkins","m","genderize_r_titles"
"anne","","hartley","anne hartley","f","genderize_r_titles"
"angela","","enright","angela enright","f","genderize_r_titles"
"graham","martin","pizzey","graham martin pizzey","m","genderize_r_titles"
"graham","warner","ward","graham warner ward","m","genderize_r_titles"
"griff","terry","ross","griff terry ross","m","genderize_r_titles"
"guillermo","lohmann","villena","guillermo lohmann villena","m","genderize_r_titles"
"gwilym","kenneth","davies","gwilym kenneth davies","m","genderize_r_titles"
"lauriston","","taylor","lauriston s. taylor","m","genderize_r_titles"
"harald","","patzer","harald patzer","m","genderize_r_titles"
"harry","francis","taylor","harry francis west taylor","m","genderize_r_titles"
"heinz","","arndt","heinz arndt","m","genderize_r_titles"
"henry","","james","henry james","m","genderize_r_titles"
"henry","","morgan","henry morgan","m","genderize_r_titles"
"herta","julie","altschulova","herta julie altschulova","f","genderize_r_titles"
"helmut","","scheunemann","helmut scheunemann","m","genderize_r_titles"
"hugh","","kenner","hugh kenner","m","genderize_r_titles"
"hugh","","scully","hugh scully","m","genderize_r_titles"
"claude","","organ","claude h. organ","m","genderize_r_titles"
"leszek","","kolakowski","leszek kolakowski","m","genderize_r_titles"
"john","szentagothai","centennial","john szentagothai centennial","m","genderize_r_titles"
"michael","","dummett","michael dummett","m","genderize_r_titles"
"richard","","rorty","richard rorty","m","genderize_r_titles"
"paraicz","","ervin","paraicz ervin","m","genderize_r_titles"
"ian","","frazer","ian frazer","m","genderize_r_titles"
"michael","","lockshin","michael d. lockshin","m","genderize_r_titles"
"willem","","leenhouts","willem leenhouts","m","genderize_r_titles"
"isidore","","dyen","isidore dyen","m","genderize_r_titles"
"ashley","","morris","ashley morris","m","genderize_r_titles"
"dewey","","ziegler","dewey k. ziegler","m","genderize_r_titles"
"joseph","michael","foley","joseph michael foley","m","genderize_r_titles"
"rustum","","roy","rustum roy","m","genderize_r_titles"
"shirley","","verrett","shirley verrett","f","genderize_r_titles"
"sigmund","","socransky","sigmund s. socransky","m","genderize_r_titles"
"thomas","","wainwright","thomas e. wainwright","m","genderize_r_titles"
"margareta","","nicolau","margareta nicolau","f","genderize_r_titles"
"charles","","lauritsen","charles c. lauritsen","m","genderize_r_titles"
"igor","ivanovich","volkov","igor ivanovich volkov","m","genderize_r_titles"
"aubrey","","gorbman","aubrey gorbman","m","genderize_r_titles"
"gunther","","hildebrandt","gunther hildebrandt","m","genderize_r_titles"
"john","","laughlin","john s. laughlin","m","genderize_r_titles"
"joseph","","ponthot","joseph ponthot","m","genderize_r_titles"
"paul","","ricoeur","paul ricoeur","m","genderize_r_titles"
"attila","","mesko","attila mesko","m","genderize_r_titles"
"leonid","nikitovich","barabanov","leonid nikitovich barabanov","m","genderize_r_titles"
"paul","","anderson","paul anderson","m","genderize_r_titles"
"bernard","","pertuiset","bernard pertuiset","m","genderize_r_titles"
"allan","","pred","allan pred","m","genderize_r_titles"
"benjamin","","duuren","benjamin l. van duuren","m","genderize_r_titles"
"fernanda","","morelati","fernanda morelati","f","genderize_r_titles"
"frederic","louis","lizzi","frederic louis lizzi","m","genderize_r_titles"
"george","alex","mills","george alex mills","m","genderize_r_titles"
"james","","gulledge","james l. gulledge","m","genderize_r_titles"
"john","","reeves","john t. reeves","m","genderize_r_titles"
"lawrence","gideon","raisz","lawrence gideon raisz","m","genderize_r_titles"
"lez","","fairbairn","lez fairbairn","m","genderize_r_titles"
"liviu","","librescu","liviu librescu","m","genderize_r_titles"
"margaret","byrd","rawson","margaret byrd rawson","f","genderize_r_titles"
"michael","","patrick","michael patrick","m","genderize_r_titles"
"barry","","firkin","barry firkin","m","genderize_r_titles"
"walter","","isard","walter isard","m","genderize_r_titles"
"william","","rehnquist","william h. rehnquist","m","genderize_r_titles"
"alexei","borisovich","kaidalov","alexei borisovich kaidalov","m","genderize_r_titles"
"antonio","","grieco","antonio grieco","m","genderize_r_titles"
"bernie","","zilbergeld","bernie zilbergeld","m","genderize_r_titles"
"danko","","brncic","danko brncic","m","genderize_r_titles"
"hilton","","kort","hilton kort","m","genderize_r_titles"
"erhardt","","guttgemanns","erhardt guttgemanns","m","genderize_r_titles"
"wang","","xiaotang","wang xiaotang","f","genderize_r_titles"
"gerald","","nash","gerald d. nash","m","genderize_r_titles"
"leonard","","riforgiato","leonard r. riforgiato","m","genderize_r_titles"
"eliot","","berson","eliot berson","m","genderize_r_titles"
"john","maxwell","cowley","john maxwell cowley","m","genderize_r_titles"
"janet","marion","martin","janet marion martin","f","genderize_r_titles"
"jean","","glenisson","jean glenisson","m","genderize_r_titles"
"james","","starbuck","james starbuck","m","genderize_r_titles"
"james","","tobin","james tobin","m","genderize_r_titles"
"jane","","sherman","jane sherman","f","genderize_r_titles"
"jeanne","allen","smith","jeanne allen smith","f","genderize_r_titles"
"jeffery","raymond","ede","jeffery raymond ede","m","genderize_r_titles"
"johann","christian","heinroth","johann christian august heinroth","m","genderize_r_titles"
"john","atherton","young","john atherton young","m","genderize_r_titles"
"john","","biaglow","john biaglow","m","genderize_r_titles"
"john","frederick","reading","john frederick reading","m","genderize_r_titles"
"john","paton","erskine","john paton erskine","m","genderize_r_titles"
"john","","popert","john popert","m","genderize_r_titles"
"john","robinson","pierce","john robinson pierce","m","genderize_r_titles"
"john","","wedgwood","john wedgwood","m","genderize_r_titles"
"jorge","","anhalzer","jorge anhalzer","m","genderize_r_titles"
"jose","","goyanes capdevila","jose goyanes capdevila","m","genderize_r_titles"
"jose","juan","arrom","jose juan arrom","m","genderize_r_titles"
"jose","manuel","esteve","jose manuel esteve","m","genderize_r_titles"
"jose","maria","neves","jose maria neves","m","genderize_r_titles"
"joseph","periam","danton","joseph periam danton","m","genderize_r_titles"
"judd","","marmor","judd marmor","m","genderize_r_titles"
"julius","erich","wess","julius erich wess","m","genderize_r_titles"
"julius","","rudel","julius rudel","m","genderize_r_titles"
"kim","","gordon","kim gordon","f","genderize_r_titles"
"kari","","sajavaara","kari sajavaara","m","genderize_r_titles"
"karl","","donath","karl donath","m","genderize_r_titles"
"kazimierz","","zielinski","kazimierz zielinski","m","genderize_r_titles"
"kenneth","alan","johnson","kenneth alan johnson","m","genderize_r_titles"
"kenneth","crossley","mcwalter","kenneth crossley mcwalter","m","genderize_r_titles"
"kenzo","","tange","kenzo tange","m","genderize_r_titles"
"kisho","","kurokawa","kisho kurokawa","m","genderize_r_titles"
"klaus","dieter","seemann","klaus dieter seemann","m","genderize_r_titles"
"wendell","","dodge","wendell e. dodge","m","genderize_r_titles"
"kurt","","amplatz","kurt amplatz","m","genderize_r_titles"
"leo","","breiman","leo breiman","m","genderize_r_titles"
"lauriston","","taylor","lauriston taylor","m","genderize_r_titles"
"leroy","","hood","leroy hood","m","genderize_r_titles"
"lennart","","eberson","lennart eberson","m","genderize_r_titles"
"leonid","ivanovich","korochkin","leonid ivanovich korochkin","m","genderize_r_titles"
"leslie","alan","shepard","leslie alan shepard","m","genderize_r_titles"
"abraham","louis","levin","abraham louis levin","m","genderize_r_titles"
"ralph","","twentyman","ralph twentyman","m","genderize_r_titles"
"lothar","","cossel","lothar cossel","m","genderize_r_titles"
"louis","","ribbink","louis ribbink","m","genderize_r_titles"
"ludwig","karl","ratschiller","ludwig karl ratschiller","m","genderize_r_titles"
"luigi","","amaducci","luigi amaducci","m","genderize_r_titles"
"luigi","guglielmo","moncada","luigi guglielmo moncada","m","genderize_r_titles"
"luigi","","ottolini","luigi ottolini","m","genderize_r_titles"
"rosalind","","pierson","rosalind pierson","f","genderize_r_titles"
"james","","laughlin","james laughlin","m","genderize_r_titles"
"malcolm","alexander","ramsay","malcolm alexander ramsay","m","genderize_r_titles"
"marcel","","bruell","marcel bruell","m","genderize_r_titles"
"mark","","swerdlow","mark swerdlow","m","genderize_r_titles"
"mary","kathleen","marchant","mary kathleen marchant","f","genderize_r_titles"
"maureen","","morton","maureen morton","f","genderize_r_titles"
"richard","wesley","telinde","richard wesley telinde","m","genderize_r_titles"
"roman","","hlatky","roman hlatky","m","genderize_r_titles"
"werner","","schreyer","werner schreyer","m","genderize_r_titles"
"wulf","","mueller","wulf u. mueller","m","genderize_r_titles"
"clifford","","truesdell","clifford truesdell","m","genderize_r_titles"
"merrick","edward","abrahams","merrick edward peltier abrahams","m","genderize_r_titles"
"micah","","jones","micah jones","m","genderize_r_titles"
"michael","dudley","sturge","michael dudley sturge","m","genderize_r_titles"
"michael","","maschler","michael maschler","m","genderize_r_titles"
"milton","","friedman","milton friedman","m","genderize_r_titles"
"ed","","thigpen","ed thigpen","m","genderize_r_titles"
"monique","","beudert","monique beudert","f","genderize_r_titles"
"abe","","goldstein","abe goldstein","m","genderize_r_titles"
"nadezhda","borisovna","bolotina","nadezhda borisovna bolotina","f","genderize_r_titles"
"nicholas","john","mills","nicholas john mills","m","genderize_r_titles"
"nikolai","alekseevich","chernoplekov","nikolai alekseevich chernoplekov","m","genderize_r_titles"
"petrovna","","solntseva","petrovna solntseva","f","genderize_r_titles"
"mary","","daly","mary daly","f","genderize_r_titles"
"arthur","","haynes","arthur v. haynes","m","genderize_r_titles"
"herbert","","miller","herbert miller","m","genderize_r_titles"
"james","wardrop","telford","james wardrop telford","m","genderize_r_titles"
"larry","","zox","larry zox","m","genderize_r_titles"
"pirkko","","santavuori","pirkko santavuori","f","genderize_r_titles"
"adam","","sutton","adam sutton","m","genderize_r_titles"
"kurt","","burger","kurt burger","m","genderize_r_titles"
"jean","","stonebridge","jean stonebridge","f","genderize_r_titles"
"carol","","mowbray","carol t. mowbray","f","genderize_r_titles"
"charles","","broyden","charles broyden","m","genderize_r_titles"
"ludwig","","waechter","ludwig waechter","m","genderize_r_titles"
"paul","walter","hartl","paul walter hartl","m","genderize_r_titles"
"richard","","altick","richard d. altick","m","genderize_r_titles"
"christopher","kevin","boyle","christopher kevin boyle","m","genderize_r_titles"
"william","alfred","read","william alfred read","m","genderize_r_titles"
"brigitte","","dragosics","brigitte dragosics","f","genderize_r_titles"
"donald","","michle","donald michle","m","genderize_r_titles"
"leon","anthony","fennessy","leon anthony fennessy","m","genderize_r_titles"
"peter","","widdowson","peter widdowson","m","genderize_r_titles"
"robin","","mckenzie","robin mckenzie","m","genderize_r_titles"
"rosalind","hauk","kornfeld","rosalind hauk kornfeld","f","genderize_r_titles"
"vladislav","","lemanov","vladislav v. lemanov","m","genderize_r_titles"
"agustin","","moreto","agustin moreto","m","genderize_r_titles"
"oliver","","holmes","oliver holmes","m","genderize_r_titles"
"rafael","","dudziak","rafael dudziak","m","genderize_r_titles"
"ernst","","jeckeln","ernst jeckeln","m","genderize_r_titles"
"friedrich","wilhelm","ahnefeld","friedrich wilhelm ahnefeld","m","genderize_r_titles"
"james","","riding","james riding","m","genderize_r_titles"
"klaus","","dammrich","klaus dammrich","m","genderize_r_titles"
"jean","","schmets","jean schmets","m","genderize_r_titles"
"michelle","","dorrance","michelle dorrance","f","genderize_r_titles"
"oleg","aleksandrovich","petrii","oleg aleksandrovich petrii","m","genderize_r_titles"
"oscar","davis","ratnoff","oscar davis ratnoff","m","genderize_r_titles"
"oscar","","gershanik","oscar gershanik","m","genderize_r_titles"
"otakar","","cervinka","otakar cervinka","m","genderize_r_titles"
"otfrid","","foerster","otfrid foerster","m","genderize_r_titles"
"otto","wilhelm","madelung","otto wilhelm madelung","m","genderize_r_titles"
"gerhard","","reuter","gerhard reuter","m","genderize_r_titles"
"paul","","pelliot","paul pelliot","m","genderize_r_titles"
"stanislaw","","zagrodzki","stanislaw zagrodzki","m","genderize_r_titles"
"paul","dudley","white","paul dudley white","m","genderize_r_titles"
"pauline","atherton","cochrane","pauline atherton cochrane","f","genderize_r_titles"
"pax","allan","chingawale","pax allan chingawale","m","genderize_r_titles"
"jerzy","","wasilewski","jerzy wasilewski","m","genderize_r_titles"
"claude","michel","cluny","claude michel cluny","m","genderize_r_titles"
"peter","clay","eklund","peter clay eklund","m","genderize_r_titles"
"peter","edgerly","firchow","peter edgerly firchow","m","genderize_r_titles"
"petrovsky","arthur","vladimirovich","petrovsky arthur vladimirovich","m","genderize_r_titles"
"philip","john","kingston","philip john kingston","m","genderize_r_titles"
"philip","","johnson","philip johnson","m","genderize_r_titles"
"phyllis","louisa","botha","phyllis louisa botha","f","genderize_r_titles"
"pieter","joost","goedhart","pieter joost goedhart","m","genderize_r_titles"
"hein","","wellens","hein wellens","m","genderize_r_titles"
"ignaz","joseph","pleyel","ignaz joseph pleyel","m","genderize_r_titles"
"jose","","ibanez cerda","jose ibanez cerda","m","genderize_r_titles"
"kevin","","rosso","kevin m. rosso","m","genderize_r_titles"
"josef","","stepanik","josef stepanik","m","genderize_r_titles"
"friedrich","","stelzner","friedrich stelzner","m","genderize_r_titles"
"herman","","de pooter","herman de pooter","m","genderize_r_titles"
"peter","","ax","peter ax","m","genderize_r_titles"
"werner","","zeil","werner zeil","m","genderize_r_titles"
"mario","","serio","mario serio","m","genderize_r_titles"
"rosalinda","","contreras","rosalinda contreras","f","genderize_r_titles"
"bryan","","warren","bryan f warren","m","genderize_r_titles"
"phillip","vallentine","tobias","phillip vallentine tobias","m","genderize_r_titles"
"georgi","","efremov","georgi d. efremov","m","genderize_r_titles"
"klaus","","breddin","klaus breddin","m","genderize_r_titles"
"heisuke","","hironaka","heisuke hironaka","m","genderize_r_titles"
"henryk","","wojcikiewicz","henryk wojcikiewicz","m","genderize_r_titles"
"meinhart","","zenk","meinhart h. zenk","m","genderize_r_titles"
"michael","alan","cooper","michael alan ralph cooper","m","genderize_r_titles"
"michal","","witanowski","michal witanowski","m","genderize_r_titles"
"richard","","gottlieb","richard gottlieb","m","genderize_r_titles"
"peter","","birchenall","peter birchenall","m","genderize_r_titles"
"pietro","","motta","pietro motta","m","genderize_r_titles"
"rainer","","beckert","rainer beckert","m","genderize_r_titles"
"ryozo","","toei","ryozo toei","m","genderize_r_titles"
"donald","","harrison","donald harrison","m","genderize_r_titles"
"toshisada","","nishida","toshisada nishida","m","genderize_r_titles"
"wanda","","wyrwicka","wanda wyrwicka","f","genderize_r_titles"
"william","","higuchi","william i. higuchi","m","genderize_r_titles"
"mitch","","javidi","mitch javidi","m","genderize_r_titles"
"stefan","","willich","stefan willich","m","genderize_r_titles"
"bonnie","","bassler","bonnie l. bassler","f","genderize_r_titles"
"bruce","","lahn","bruce lahn","m","genderize_r_titles"
"viktor","","schultz","viktor schultz","m","genderize_r_titles"
"john","","murra","john murra","m","genderize_r_titles"
"paul","","arthur","paul arthur","m","genderize_r_titles"
"benoit","","mandelbrot","benoit b. mandelbrot","m","genderize_r_titles"
"ralph","","siegel","ralph siegel","m","genderize_r_titles"
"raymond","","hains","raymond hains","m","genderize_r_titles"
"jean","","potocki","jean potocki","m","genderize_r_titles"
"anne","","fowler","anne e. fowler","f","genderize_r_titles"
"monica","","caldararu","monica caldararu","f","genderize_r_titles"
"fred","","buttel","fred buttel","m","genderize_r_titles"
"lee","","mcintosh","lee mcintosh","m","genderize_r_titles"
"lloyd","","unsell","lloyd n. unsell","m","genderize_r_titles"
"william","","kannel","william b. kannel","m","genderize_r_titles"
"patrick","","wall","patrick wall","m","genderize_r_titles"
"rene","","koenig","rene koenig","m","genderize_r_titles"
"rosario","","ferre","rosario ferre","f","genderize_r_titles"
"bruce","","stone","bruce stone","m","genderize_r_titles"
"richard","charles","pfister","richard charles pfister","m","genderize_r_titles"
"richard","lee","hester","richard lee hester","m","genderize_r_titles"
"richard","","miles","richard miles","m","genderize_r_titles"
"richard","penrose","schmidt","richard penrose schmidt","m","genderize_r_titles"
"richard","starr","ross","richard starr ross","m","genderize_r_titles"
"richard","thomas","robiscoe","richard thomas robiscoe","m","genderize_r_titles"
"thomas","jefferson","jarrell","thomas jefferson jarrell","m","genderize_r_titles"
"rose","","bampton","rose bampton","f","genderize_r_titles"
"roselyn","adele","walker","roselyn adele walker","f","genderize_r_titles"
"ross","galbraith","mitchell","ross galbraith mitchell","m","genderize_r_titles"
"ross","","stretton","ross stretton","m","genderize_r_titles"
"rudolf","","albert","rudolf albert","m","genderize_r_titles"
"rudy","","autio","rudy autio","m","genderize_r_titles"
"stefan","","brinkmann","stefan brinkmann","m","genderize_r_titles"
"guy","","gauthier","guy gauthier","m","genderize_r_titles"
"samuel","roger","rimmer","samuel roger rimmer","m","genderize_r_titles"
"mary","jo","nye","mary jo nye","f","genderize_r_titles"
"saul","","roseman","saul roseman","m","genderize_r_titles"
"serge","","golovine","serge golovine","m","genderize_r_titles"
"sergei","anatolyevich","starostin","sergei anatolyevich starostin","m","genderize_r_titles"
"sergei","petrovich","denisov","sergei petrovich denisov","m","genderize_r_titles"
"marylin","","dodd","marylin j. dodd","f","genderize_r_titles"
"johan","","botha","johan botha","m","genderize_r_titles"
"edsger","","dijkstra","edsger w. dijkstra","m","genderize_r_titles"
"john","","sciarra","john j. sciarra","m","genderize_r_titles"
"helmut","","drexler","helmut drexler","m","genderize_r_titles"
"stanley","","holden","stanley holden","m","genderize_r_titles"
"stanley","","kubrick","stanley kubrick","m","genderize_r_titles"
"lorraine","","gudas","lorraine j. gudas","f","genderize_r_titles"
"stephen","","dal nogare","stephen dal nogare","m","genderize_r_titles"
"steven","","karger","steven karger","m","genderize_r_titles"
"stuart","","roath","stuart roath","m","genderize_r_titles"
"nils","","hartler","nils hartler","m","genderize_r_titles"
"xiangmei","","gu","xiangmei gu","f","genderize_r_titles"
"john","","tanaka","john tanaka","m","genderize_r_titles"
"paul","peter","rosen","paul peter rosen","m","genderize_r_titles"
"julian","","chojnowski","julian chojnowski","m","genderize_r_titles"
"fabio","","broglio","fabio broglio","m","genderize_r_titles"
"john","","baxter","john d. baxter","m","genderize_r_titles"
"zev","","naveh","zev naveh","m","genderize_r_titles"
"charles","","park","charles r. park","m","genderize_r_titles"
"guida","mary","crowley","guida mary crowley","f","genderize_r_titles"
"john","","parkinson","john parkinson","m","genderize_r_titles"
"thomas","joseph","delaney","thomas joseph delaney","m","genderize_r_titles"
"thomas","vincent","santulli","thomas vincent santulli","m","genderize_r_titles"
"tikhon","","khrennikov","tikhon khrennikov","m","genderize_r_titles"
"heinz","","mattig","heinz mattig","m","genderize_r_titles"
"edward","","said","edward said","m","genderize_r_titles"
"jean","","chesneaux","jean chesneaux","m","genderize_r_titles"
"john","","wright","john c. wright","m","genderize_r_titles"
"tom","","rowland","tom rowland","m","genderize_r_titles"
"william","","miller","william h. miller","m","genderize_r_titles"
"bob","","kauffman","bob kauffman","m","genderize_r_titles"
"umesh","chandra","pati","umesh chandra pati","m","genderize_r_titles"
"ursula","","vaughan williams","ursula vaughan williams","f","genderize_r_titles"
"vasilii","zakharovich","vlasov","vasilii zakharovich vlasov","m","genderize_r_titles"
"viktor","matveevich","bukhshtaber","viktor matveevich bukhshtaber","m","genderize_r_titles"
"vladimir","leonidovitch","doshchitsyn","vladimir leonidovitch doshchitsyn","m","genderize_r_titles"
"vladimir","mikhailovich","fridkin","vladimir mikhailovich fridkin","m","genderize_r_titles"
"william","daniel","sudia","william daniel sudia","m","genderize_r_titles"
"walter","thomas","morgan","walter thomas james morgan","m","genderize_r_titles"
"william","craig","reynolds","william craig reynolds","m","genderize_r_titles"
"william","glenn","sly","william glenn sly","m","genderize_r_titles"
"william","joseph","reals","william joseph reals","m","genderize_r_titles"
"william","","roseberry","william roseberry","m","genderize_r_titles"
"william","sprott","pollitzer","william sprott pollitzer","m","genderize_r_titles"
"wolfgang","","mommsen","wolfgang mommsen","m","genderize_r_titles"
"yahya","","cohen","yahya cohen","m","genderize_r_titles"
"yakov","zalmanovich","tsypkin","yakov zalmanovich tsypkin","m","genderize_r_titles"
"yasunaru","","kawashima","yasunaru kawashima","m","genderize_r_titles"
"yinglai","","wang","yinglai wang","m","genderize_r_titles"
"ballet","","john","ballet john","m","genderize_r_titles"
"yury","akhmetovich","aminov","yury akhmetovich aminov","m","genderize_r_titles"
"zhores","ivanovich","alferov","zhores ivanovich alferov","m","genderize_r_titles"
"peter","","aaby","peter aaby","m","pubmed"
"shawn","","aaron","shawn aaron","m","pubmed"
"kevin","","abbott","kevin abbott","m","pubmed"
"salim","","abdulla","salim abdulla","m","pubmed"
"corine","","aboa-eboul","corine aboa-eboul","f","pubmed"
"ahmed","","abou-setta","ahmed abou-setta","m","pubmed"
"william","","abraham","william abraham","m","pubmed"
"bo","","abrahamsen","bo abrahamsen","m","pubmed"
"donald","","abrams","donald abrams","m","pubmed"
"nancy","","aburto","nancy aburto","f","pubmed"
"jane","ruth","aceng","jane ruth aceng","f","pubmed"
"linda","","adair","linda adair","f","pubmed"
"soheir","","adam","soheir adam","f","pubmed"
"alyce","","adams","alyce adams","f","pubmed"
"giovanni","","addolorato","giovanni addolorato","m","pubmed"
"neill","","adhikari","neill adhikari","m","pubmed"
"walter","","ageno","walter ageno","m","pubmed"
"giancarlo","","agnelli","giancarlo agnelli","m","pubmed"
"martin","","ahlgren","martin ahlgren","m","pubmed"
"jiyoung","","ahn","jiyoung ahn","f","pubmed"
"alexander","","aiken","alexander aiken","m","pubmed"
"agneta","","akesson","agneta akesson","f","pubmed"
"christine","","albert","christine albert","f","pubmed"
"svenja","","albrecht","svenja albrecht","f","pubmed"
"thomas","","aldrich","thomas aldrich","m","pubmed"
"melissa","","aldridge","melissa aldridge","f","pubmed"
"berthe","","aleman","berthe aleman","f","pubmed"
"erik","","alexander","erik alexander","m","pubmed"
"lorraine","nio","alexander","lorraine nio alexander","f","pubmed"
"richard","","alexander","richard alexander","m","pubmed"
"caleb","","alexander"," caleb alexander","m","pubmed"
"graziella","badin","aliti","graziella badin aliti","f","pubmed"
"sana","","al-khatib","sana al-khatib","f","pubmed"
"stephen","","allen","stephen allen","m","pubmed"
"richard","","allen","richard allen","m","pubmed"
"christopher","","almond","christopher almond","m","pubmed"
"pedro","","alonso","pedro alonso","m","pubmed"
"sharif","","al-ruzzeh","sharif al-ruzzeh","m","pubmed"
"fernando","","althabe","fernando althabe","m","pubmed"
"daniel","","altman","daniel altman","m","pubmed"
"francisco","","alvarez-blasco","francisco alvarez-blasco","m","pubmed"
"amit","","amin","amit amin","m","pubmed"
"peter","","ammann","peter ammann","m","pubmed"
"katherine","","anagnostou","katherine anagnostou","f","pubmed"
"sudhir","","anand","sudhir anand","m","pubmed"
"cande","","ananth","cande ananth","m","pubmed"
"kathryn","","anastos","kathryn anastos","f","pubmed"
"johan","hviid","andersen","johan hviid andersen","m","pubmed"
"gerard","","anderson","gerard anderson","m","pubmed"
"monique","","anderson","monique anderson","f","pubmed"
"jason","","andrews","jason andrews","m","pubmed"
"joo","","anselmo","joo anselmo","m","pubmed"
"kevin","","anstrom","kevin anstrom","m","pubmed"
"nicholas","","anthonisen","nicholas anthonisen","m","pubmed"
"antonella","","d'arminio monforte","antonella d'arminio monforte","f","pubmed"
"tony","","antoniou","tony antoniou","m","pubmed"
"latifat","","apatira","latifat apatira","f","pubmed"
"christian","","apfel","christian apfel","m","pubmed"
"lawrence","","appel","lawrence appel","m","pubmed"
"andre","","araujo","andre araujo","m","pubmed"
"diego","","ardissino","diego ardissino","m","pubmed"
"james","","armitage","james armitage","m","pubmed"
"katrina","","armstrong","katrina armstrong","f","pubmed"
"paul","","armstrong","paul armstrong","m","pubmed"
"bertrand","","arnulf","bertrand arnulf","m","pubmed"
"sanjeev","","arora","sanjeev arora","m","pubmed"
"adelaide","","arruda-olson","adelaide arruda-olson","f","pubmed"
"bjrn","","asvold","bjrn asvold","m","pubmed"
"robert","","atmar","robert atmar","m","pubmed"
"alexandra","","aubry","alexandra aubry","f","pubmed"
"wady","","aude"," wady aude","m","pubmed"
"reto","","auer","reto auer","m","pubmed"
"andrew","","auerbach","andrew auerbach","m","pubmed"
"philippe","","autier","philippe autier","m","pubmed"
"liat","","ayalon","liat ayalon","f","pubmed"
"henk-jan","","baarslag","henk-jan baarslag","m","pubmed"
"mohan","","babapulle","mohan babapulle","m","pubmed"
"ambika","","babu","ambika babu","f","pubmed"
"filip","","baert","filip baert","m","pubmed"
"laura","","baglietto","laura baglietto","f","pubmed"
"hossein","","bahrami","hossein bahrami","m","pubmed"
"amos","","bailey"," amos bailey","m","pubmed"
"william","","baker","william baker","m","pubmed"
"michael","","baker","michael baker","m","pubmed"
"tracy","","balboni","tracy balboni","f","pubmed"
"carol","","baldwin","carol baldwin","f","pubmed"
"ethan","","balk","ethan balk","m","pubmed"
"rob","","baltussen","rob baltussen","m","pubmed"
"heejung","","bang","heejung bang","f","pubmed"
"jessica","","banthin","jessica banthin","f","pubmed"
"selina","","banu","selina banu","f","pubmed"
"robert","","barclay","robert barclay","m","pubmed"
"aditya","","bardia","aditya bardia","m","pubmed"
"aileen","","barnes","aileen barnes","f","pubmed"
"janice","","barnhart","janice barnhart","f","pubmed"
"graham","","barr"," graham barr","m","pubmed"
"ben","","barr","ben barr","m","pubmed"
"jos","augusto","barreto-filho","jos augusto barreto-filho","m","pubmed"
"bruce","","barrett","bruce barrett","m","pubmed"
"elizabeth","","barrett-connor","elizabeth barrett-connor","f","pubmed"
"alon","","barsheshet","alon barsheshet","m","pubmed"
"jeffrey","","barsuk","jeffrey barsuk","m","pubmed"
"bradley","","bart","bradley bart","m","pubmed"
"geertje","","bartelds","geertje bartelds","f","pubmed"
"pelham","","barton","pelham barton","m","pubmed"
"ezra","","barzilay","ezra barzilay","m","pubmed"
"jos","","baselga","jos baselga","m","pubmed"
"lori","","bash","lori bash","f","pubmed"
"sanjay","","basu","sanjay basu","m","pubmed"
"shannon","","bates","shannon bates","f","pubmed"
"michael","","bates","michael bates","m","pubmed"
"pelin","","batur","pelin batur","f","pubmed"
"tim","","bauer","tim bauer","m","pubmed"
"jerry","","bauman","jerry bauman","m","pubmed"
"liesbeth","","bax","liesbeth bax","f","pubmed"
"antoni","","bayes-genis","antoni bayes-genis","m","pubmed"
"lydia","","bazzano","lydia bazzano","f","pubmed"
"michael","","becker","michael becker","m","pubmed"
"david","","becker","david becker","m","pubmed"
"paula","","bednarek","paula bednarek","f","pubmed"
"george","","bedu-addo","george bedu-addo","m","pubmed"
"colin","","begg","colin begg","m","pubmed"
"philip","","bejon","philip bejon","m","pubmed"
"chaim","","bell","chaim bell","m","pubmed"
"keith","","bellizzi","keith bellizzi","m","pubmed"
"eran","","bendavid","eran bendavid","m","pubmed"
"iddo","","ben-dov","iddo ben-dov","m","pubmed"
"gary","","bennett","gary bennett","m","pubmed"
"elliott","","bennett-guerrero","elliott bennett-guerrero","m","pubmed"
"amirta","","benning","amirta benning","f","pubmed"
"john","","benson","john benson","m","pubmed"
"stephen","","bent","stephen bent","m","pubmed"
"shirley","","beresford","shirley beresford","f","pubmed"
"rolf","","berger","rolf berger","m","pubmed"
"robert","","berkowitz","robert berkowitz","m","pubmed"
"brian","","berman","brian berman","m","pubmed"
"enrico","","bernardi","enrico bernardi","m","pubmed"
"sasha","","bernatsky","sasha bernatsky","f","pubmed"
"elizabeth","","bernstein"," elizabeth bernstein","f","pubmed"
"amy","","berrington de gonzlez","amy berrington de gonzlez","f","pubmed"
"donald","","berry","donald berry","m","pubmed"
"daniel","","bertges","daniel bertges","m","pubmed"
"john","","beshai","john beshai","m","pubmed"
"nita","","bhandari","nita bhandari","f","pubmed"
"deepak","","bhatt","deepak bhatt","m","pubmed"
"ami","","bhatt","ami bhatt","f","pubmed"
"james","","biagi","james biagi","m","pubmed"
"karl","","bilimoria","karl bilimoria","m","pubmed"
"john","","billings","john billings","m","pubmed"
"andrew","","bindman","andrew bindman","m","pubmed"
"edmund","","bini","edmund bini","m","pubmed"
"john","","birkmeyer","john birkmeyer","m","pubmed"
"hans","","bisgaard","hans bisgaard","m","pubmed"
"heike","","bischoff-ferrari","heike bischoff-ferrari","f","pubmed"
"lena","","bjrck","lena bjrck","f","pubmed"
"dennis","","black","dennis black","m","pubmed"
"jan","","blankensteijn","jan blankensteijn","m","pubmed"
"alessandro","","ble","alessandro ble","m","pubmed"
"hannah","","blencowe","hannah blencowe","f","pubmed"
"robert","","blendon","robert blendon","m","pubmed"
"geoffrey","","block","geoffrey block","m","pubmed"
"jeanet","","blom","jeanet blom","f","pubmed"
"fiona","","turnbull","fiona turnbull","f","pubmed"
"cinnamon","","bloss","cinnamon bloss","f","pubmed"
"stijn","","blot","stijn blot","m","pubmed"
"david","","bluemke","david bluemke","m","pubmed"
"william","","boden","william boden","m","pubmed"
"maaike","","de boer","maaike de boer","f","pubmed"
"mike","","boggild","mike boggild","m","pubmed"
"nancy","","ter bogt","nancy ter bogt","f","pubmed"
"michael","","boland","michael boland","m","pubmed"
"nienke","","bolk","nienke bolk","f","pubmed"
"michel","","bolla","michel bolla","m","pubmed"
"yvonne","","bombard","yvonne bombard","f","pubmed"
"valrie","","bonadona","valrie bonadona","f","pubmed"
"james","","bonner","james bonner","m","pubmed"
"ronald","","booth","ronald booth","m","pubmed"
"suresh","","boppana","suresh boppana","m","pubmed"
"ann","","borzecki","ann borzecki","f","pubmed"
"michael","","bosse","michael bosse","m","pubmed"
"georg","","bosshard","georg bosshard","m","pubmed"
"sophie","","bostock","sophie bostock","f","pubmed"
"emmanuel","","bottieau","emmanuel bottieau","m","pubmed"
"judy","","boughey","judy boughey","f","pubmed"
"ebony","","boulware"," ebony boulware","f","pubmed"
"fabienne","","bourgeois","fabienne bourgeois","f","pubmed"
"homer","","boushey","homer boushey","m","pubmed"
"marie-germaine","","bousser","marie-germaine bousser","m","pubmed"
"florent","","boutitie","florent boutitie","m","pubmed"
"mark","","bower","mark bower","m","pubmed"
"allison","","brashear","allison brashear","f","pubmed"
"simona","","bratu","simona bratu","f","pubmed"
"carmen","","brauer","carmen brauer","f","pubmed"
"hermann","","brenner","hermann brenner","m","pubmed"
"lizzy","","brewster","lizzy brewster","f","pubmed"
"pierre-olivier","","bridevaux","pierre-olivier bridevaux","m","pubmed"
"becky","","briesacher","becky briesacher","f","pubmed"
"benno","","brinkhaus","benno brinkhaus","m","pubmed"
"jesper","","brok","jesper brok","m","pubmed"
"alan","","brookhart"," alan brookhart","m","pubmed"
"josiane","","broussard","josiane broussard","f","pubmed"
"margaret","","brousseau","margaret brousseau","f","pubmed"
"ingeborg","","brouwer","ingeborg brouwer","f","pubmed"
"jeremy","","brown","jeremy brown","m","pubmed"
"linda","","brubaker","linda brubaker","f","pubmed"
"wendy","","bruening","wendy bruening","f","pubmed"
"jasper","","brugts","jasper brugts","m","pubmed"
"frank","","brunkhorst","frank brunkhorst","m","pubmed"
"jennifer","","bryce","jennifer bryce","f","pubmed"
"heiner","","bucher","heiner bucher","m","pubmed"
"aron","","buchman","aron buchman","m","pubmed"
"henry","","buchwald","henry buchwald","m","pubmed"
"brian","","buijsse","brian buijsse","m","pubmed"
"aumphornpun","","buavirat","aumphornpun buavirat","f","pubmed"
"harry","","bller","harry bller","m","pubmed"
"charles","","burant","charles burant","m","pubmed"
"gerd","","burmester","gerd burmester","m","pubmed"
"john","","burn","john burn","m","pubmed"
"matthew","","burton","matthew burton","m","pubmed"
"dale","","burwen","dale burwen","m","pubmed"
"christopher","","butler","christopher butler","m","pubmed"
"adeel","","butt","adeel butt","m","pubmed"
"debra","","butt","debra butt","f","pubmed"
"jim","","buttery","jim buttery","m","pubmed"
"jill","","buyon","jill buyon","f","pubmed"
"saundra","","buys","saundra buys","f","pubmed"
"robert","","byrne","robert byrne","m","pubmed"
"pietro","","caironi","pietro caironi","m","pubmed"
"amy","","calabrese","amy calabrese","f","pubmed"
"minal","","calkan","minal calkan","f","pubmed"
"guy","","van camp","guy van camp","m","pubmed"
"christopher","","cannon","christopher cannon","m","pubmed"
"chris","","cardwell","chris cardwell","m","pubmed"
"iain","","carey","iain carey","m","pubmed"
"yehuda","","carmeli","yehuda carmeli","m","pubmed"
"mercedes","","carnethon","mercedes carnethon","f","pubmed"
"jordi","","carratal","jordi carratal","m","pubmed"
"margaret","","carroll","margaret carroll","f","pubmed"
"gregory","","carter","gregory carter","m","pubmed"
"barry","","carter","barry carter","m","pubmed"
"aleesa","","carter","aleesa carter","f","pubmed"
"nicole","","casadevall","nicole casadevall","f","pubmed"
"michael","","casaer","michael casaer","m","pubmed"
"lawrence","","casalino","lawrence casalino","m","pubmed"
"jackie","","cassell","jackie cassell","f","pubmed"
"xavier","","castellsagu","xavier castellsagu","m","pubmed"
"xavier","","castellanos"," xavier castellanos","m","pubmed"
"philip","","castle","philip castle","m","pubmed"
"victor","","castro","victor castro","m","pubmed"
"aaron","","caughey","aaron caughey","m","pubmed"
"jane","","cauley","jane cauley","f","pubmed"
"joanne","","cecil","joanne cecil","f","pubmed"
"usha","","chakravarthy","usha chakravarthy","f","pubmed"
"eliza","","chakravarty","eliza chakravarty","f","pubmed"
"naga","","chalasani","naga chalasani","m","pubmed"
"melanie","","chalder","melanie chalder","f","pubmed"
"christina","","chambers","christina chambers","f","pubmed"
"henry","lik-yuen","chan","henry lik-yuen chan","m","pubmed"
"an-wen","","chan","an-wen chan","m","pubmed"
"andrew","","chan","andrew chan","m","pubmed"
"paul","","chan","paul chan","m","pubmed"
